f_1,f_2,f_3,f_4,"w_1,1","w_1,2","w_1,3","w_1,4","w_2,1","w_2,2","w_2,3","w_2,4","w_3,1","w_3,2","w_3,3","w_3,4","w_4,1","w_4,2","w_4,3","w_4,4"
36046,49404,61690,65280,1,0,1,0,4,3,0,0,-1,1,2,0,-3,-3,-1,1
36046,49404,61692,65280,1,0,0,0,4,3,1,0,-1,1,2,0,-3,-3,-1,1
36046,49404,61694,65280,1,0,1,0,4,3,1,0,-1,1,3,0,-3,-3,-2,1
36078,49404,61694,65280,2,0,1,0,4,3,1,0,-1,1,3,0,-3,-3,-2,1
36078,49404,61692,65280,2,0,0,0,4,3,2,0,-1,1,3,0,-3,-3,-2,1
36078,49404,61690,65280,2,0,1,0,4,3,0,0,-1,1,3,0,-3,-3,-2,1
36078,49404,61682,65280,2,0,1,0,4,3,-1,0,-1,1,4,0,-3,-3,-2,1
36078,52428,61682,65280,2,0,1,0,4,4,-1,0,-1,0,4,0,-3,-3,-2,1
36046,52428,61682,65280,1,0,1,0,4,4,-1,0,-1,0,4,0,-3,-3,-2,1
36046,52428,61690,65280,1,0,2,0,4,4,-1,0,-1,0,4,0,-3,-3,-2,1
36046,52428,61680,65280,1,0,0,0,4,4,-1,0,-1,0,4,0,-3,-3,-2,1
36046,52942,61680,65280,1,1,0,0,4,2,-1,0,-1,-1,4,0,-3,0,-2,1
36046,52942,61682,65280,1,1,1,0,4,2,-1,0,-1,-1,4,0,-3,0,-2,1
36046,52942,61692,65280,1,1,0,0,4,2,1,0,-1,-1,4,0,-3,0,-2,1
36046,52942,61694,65280,1,1,1,0,4,2,1,0,-1,-1,4,0,-3,0,-2,1
36046,52942,61684,65280,1,1,-1,0,4,2,1,0,-1,-1,4,0,-3,0,-2,1
36046,52942,61690,65280,1,1,1,0,4,2,0,0,-1,-1,4,0,-3,0,-2,1
36494,52942,61684,65280,4,1,-1,0,4,2,1,0,-4,-1,4,0,-3,0,-2,1
36526,52942,61684,65280,4,1,-1,0,3,2,1,0,-3,-1,4,0,-2,0,-2,1
36558,52942,61684,65280,3,1,-1,0,4,2,1,0,-3,-1,4,0,-2,0,-2,1
36590,52942,61684,65280,3,1,-1,0,4,2,1,0,-2,-1,4,0,-2,0,-2,1
35566,52942,61684,65280,4,1,-1,0,3,2,1,0,-1,-1,4,0,-3,0,-2,1
10922,52942,61684,65280,4,1,-1,0,-1,2,1,0,-1,-1,4,0,-2,0,-2,1
8738,52942,61684,65280,4,1,-1,0,-4,2,1,0,0,-1,4,0,-3,0,-2,1
8746,52942,61684,65280,4,1,-1,0,-3,2,1,0,-1,-1,4,0,-2,0,-2,1
8242,52942,61684,65280,3,1,-1,0,-4,2,1,0,1,-1,4,0,-3,0,-2,1
8754,52942,61684,65280,3,1,-1,0,-4,2,1,0,1,-1,4,0,-2,0,-2,1
10794,52942,61684,65280,4,1,-1,0,-3,2,1,0,-1,-1,4,0,0,0,-2,1
33022,52942,61684,65280,2,1,-1,0,1,2,1,0,1,-1,4,0,-3,0,-2,1
8378,52942,61684,65280,4,1,-1,0,-1,2,1,0,1,-1,4,0,-4,0,-2,1
8882,52942,61684,65280,4,1,-1,0,-4,2,1,0,2,-1,4,0,-3,0,-2,1
8890,52942,61684,65280,4,1,-1,0,-3,2,1,0,2,-1,4,0,-3,0,-2,1
8370,52942,61684,65280,4,1,-1,0,-4,2,1,0,4,-1,4,0,-4,0,-2,1
8434,52942,61684,65280,3,1,-1,0,-3,2,1,0,4,-1,4,0,-4,0,-2,1
8442,52942,61684,65280,3,1,-1,0,-2,2,1,0,3,-1,4,0,-4,0,-2,1
35502,52942,61684,65280,4,1,-1,0,1,2,1,0,-1,-1,4,0,-3,0,-2,1
8874,52942,61684,65280,4,1,-1,0,-1,2,1,0,0,-1,4,0,-3,0,-2,1
36558,52942,61682,65280,3,1,1,0,4,2,-1,0,-3,-1,4,0,-2,0,-2,1
36558,52942,61680,65280,3,1,0,0,4,2,-1,0,-3,-1,4,0,-2,0,-2,1
36558,52942,61694,65280,3,1,1,0,4,2,1,0,-3,-1,4,0,-2,0,-2,1
36558,52942,61692,65280,3,1,0,0,4,2,2,0,-3,-1,4,0,-2,0,-2,1
36494,52942,61692,65280,4,1,0,0,4,2,2,0,-4,-1,4,0,-2,0,-2,1
36494,52942,61680,65280,4,1,0,0,4,2,0,0,-4,-1,4,0,-2,0,-2,1
36494,52942,61682,65280,4,1,1,0,4,2,-1,0,-4,-1,4,0,-2,0,-2,1
36494,52942,61694,65280,4,1,1,0,4,2,1,0,-4,-1,4,0,-2,0,-2,1
36590,52942,61694,65280,4,1,1,0,4,2,1,0,-3,-1,4,0,-2,0,-2,1
36590,52942,61692,65280,4,1,0,0,4,2,2,0,-3,-1,4,0,-2,0,-2,1
36590,52942,61680,65280,4,1,0,0,4,2,0,0,-3,-1,4,0,-2,0,-2,1
36590,52942,61682,65280,4,1,1,0,4,2,-1,0,-3,-1,4,0,-2,0,-2,1
36526,52942,61682,65280,4,1,1,0,3,2,-1,0,-3,-1,4,0,-2,0,-2,1
36526,52942,61694,65280,4,1,1,0,3,2,1,0,-3,-1,4,0,-2,0,-2,1
36526,52942,61692,65280,4,1,0,0,3,2,2,0,-3,-1,4,0,-2,0,-2,1
36526,52942,61680,65280,4,1,0,0,3,2,0,0,-3,-1,4,0,-2,0,-2,1
35566,52942,61680,65280,3,1,0,0,2,2,0,0,-1,-1,4,0,-2,0,-2,1
35502,52942,61680,65280,3,1,0,0,1,2,0,0,-1,-1,4,0,-2,0,-2,1
33022,52942,61680,65280,1,1,0,0,1,2,0,0,1,-1,4,0,-2,0,-2,1
8378,52942,61680,65280,2,1,0,0,-1,2,0,0,1,-1,4,0,-2,0,-2,1
8442,52942,61680,65280,2,1,0,0,-1,2,0,0,2,-1,4,0,-3,0,-2,1
8434,52942,61680,65280,2,1,0,0,-2,2,0,0,3,-1,4,0,-3,0,-2,1
8370,52942,61680,65280,3,1,0,0,-3,2,0,0,3,-1,4,0,-3,0,-2,1
8242,52942,61680,65280,1,1,0,0,-4,2,0,0,3,-1,4,0,-3,0,-2,1
8754,52942,61680,65280,2,1,0,0,-4,2,0,0,1,-1,4,0,-1,0,-2,1
8882,52942,61680,65280,2,1,0,0,-2,2,0,0,1,-1,4,0,-1,0,-2,1
8890,52942,61680,65280,3,1,0,0,-2,2,0,0,1,-1,4,0,-2,0,-2,1
8874,52942,61680,65280,4,1,0,0,-3,2,0,0,0,-1,4,0,-2,0,-2,1
8746,52942,61680,65280,4,1,0,0,-3,2,0,0,-1,-1,4,0,-2,0,-2,1
10794,52942,61680,65280,4,1,0,0,-3,2,0,0,-2,-1,4,0,0,0,-2,1
10922,52942,61680,65280,4,1,0,0,-2,2,0,0,-1,-1,4,0,-1,0,-2,1
8738,52942,61680,65280,4,1,0,0,-4,2,0,0,-1,-1,4,0,-1,0,-2,1
8874,52942,61682,65280,4,1,1,0,-2,2,-1,0,-1,-1,4,0,-2,0,-2,1
8874,52942,61694,65280,4,1,1,0,-2,2,1,0,-1,-1,4,0,-2,0,-2,1
8874,52942,61692,65280,4,1,0,0,-2,2,2,0,-1,-1,4,0,-2,0,-2,1
8890,52942,61692,65280,4,1,0,0,-2,2,2,0,1,-1,4,0,-3,0,-2,1
8890,52942,61682,65280,4,1,1,0,-2,2,-1,0,1,-1,4,0,-3,0,-2,1
8890,52942,61694,65280,4,1,1,0,-2,2,1,0,1,-1,4,0,-3,0,-2,1
8370,52942,61694,65280,4,1,1,0,-4,2,1,0,2,-1,4,0,-4,0,-2,1
8370,52942,61692,65280,4,1,0,0,-4,2,2,0,2,-1,4,0,-4,0,-2,1
8370,52942,61682,65280,4,1,1,0,-4,2,-1,0,2,-1,4,0,-4,0,-2,1
8242,52942,61682,65280,3,1,1,0,-4,2,-1,0,1,-1,4,0,-3,0,-2,1
8442,52942,61682,65280,3,1,1,0,-2,2,-1,0,3,-1,4,0,-4,0,-2,1
8434,52942,61682,65280,3,1,1,0,-3,2,-1,0,4,-1,4,0,-4,0,-2,1
8434,52942,61694,65280,3,1,1,0,-3,2,1,0,4,-1,4,0,-4,0,-2,1
8442,52942,61694,65280,3,1,1,0,-2,2,1,0,3,-1,4,0,-4,0,-2,1
8242,52942,61694,65280,3,1,1,0,-4,2,1,0,1,-1,4,0,-3,0,-2,1
8242,52942,61692,65280,3,1,0,0,-4,2,2,0,1,-1,4,0,-3,0,-2,1
8442,52942,61692,65280,3,1,0,0,-2,2,2,0,3,-1,4,0,-4,0,-2,1
8434,52942,61692,65280,3,1,0,0,-3,2,2,0,4,-1,4,0,-4,0,-2,1
8882,52942,61692,65280,3,1,0,0,-3,2,2,0,2,-1,4,0,-2,0,-2,1
10922,52942,61692,65280,3,1,0,0,-1,2,2,0,-1,-1,4,0,-1,0,-2,1
10794,52942,61692,65280,4,1,0,0,-2,2,2,0,-2,-1,4,0,-1,0,-2,1
35502,52942,61692,65280,2,1,0,0,1,2,2,0,-1,-1,4,0,-1,0,-2,1
35566,52942,61692,65280,3,1,0,0,2,2,2,0,-1,-1,4,0,-2,0,-2,1
33022,52942,61692,65280,2,1,0,0,2,2,2,0,1,-1,4,0,-4,0,-2,1
35566,52942,61694,65280,4,1,1,0,2,2,1,0,-1,-1,4,0,-3,0,-2,1
35502,52942,61694,65280,4,1,1,0,2,2,1,0,-2,-1,4,0,-3,0,-2,1
10922,52942,61694,65280,4,1,1,0,-1,2,1,0,-1,-1,4,0,-2,0,-2,1
10794,52942,61694,65280,4,1,1,0,-2,2,1,0,-2,-1,4,0,-1,0,-2,1
8882,52942,61694,65280,4,1,1,0,-4,2,1,0,1,-1,4,0,-1,0,-2,1
33022,52942,61694,65280,2,1,1,0,1,2,1,0,1,-1,4,0,-3,0,-2,1
8882,52942,61682,65280,4,1,1,0,-4,2,-1,0,3,-1,4,0,-3,0,-2,1
33022,52942,61682,65280,2,1,1,0,1,2,-1,0,2,-1,4,0,-4,0,-2,1
35502,52942,61682,65280,4,1,1,0,1,2,-1,0,-1,-1,4,0,-3,0,-2,1
35566,52942,61682,65280,4,1,1,0,2,2,-1,0,-1,-1,4,0,-3,0,-2,1
10922,52942,61682,65280,4,1,1,0,-1,2,-1,0,-1,-1,4,0,-2,0,-2,1
10794,52942,61682,65280,4,1,1,0,-2,2,-1,0,-2,-1,4,0,-1,0,-2,1
8754,52942,61692,65280,3,1,0,0,-4,2,2,0,1,-1,4,0,-2,0,-2,1
8754,52942,61694,65280,3,1,1,0,-4,2,1,0,1,-1,4,0,-2,0,-2,1
8754,52942,61682,65280,3,1,1,0,-4,2,-1,0,1,-1,4,0,-2,0,-2,1
8746,52942,61692,65280,4,1,0,0,-3,2,2,0,-2,-1,4,0,-1,0,-2,1
8746,52942,61694,65280,4,1,1,0,-3,2,1,0,-2,-1,4,0,-1,0,-2,1
8746,52942,61682,65280,4,1,1,0,-3,2,-1,0,-2,-1,4,0,-1,0,-2,1
8738,52942,61692,65280,4,1,0,0,-4,2,2,0,-2,-1,4,0,-1,0,-2,1
8738,52942,61694,65280,4,1,1,0,-4,2,1,0,-2,-1,4,0,-1,0,-2,1
8738,52942,61682,65280,4,1,1,0,-4,2,-1,0,-2,-1,4,0,-1,0,-2,1
8378,52942,61692,65280,2,1,0,0,-1,2,2,0,1,-1,4,0,-2,0,-2,1
8378,52942,61694,65280,2,1,1,0,-1,2,1,0,1,-1,4,0,-2,0,-2,1
8378,52942,61682,65280,2,1,1,0,-1,2,-1,0,1,-1,4,0,-2,0,-2,1
36590,52942,61690,65280,2,1,2,0,2,2,0,0,-1,-1,4,0,-1,0,-2,1
8874,52942,61690,65280,2,1,2,0,-1,2,0,0,0,-1,4,0,-1,0,-2,1
8242,52942,61690,65280,2,1,2,0,-3,2,0,0,1,-1,4,0,-2,0,-2,1
8442,52942,61690,65280,2,1,2,0,-1,2,0,0,2,-1,4,0,-3,0,-2,1
8434,52942,61690,65280,2,1,2,0,-2,2,0,0,3,-1,4,0,-3,0,-2,1
8890,52942,61690,65280,4,1,2,0,-3,2,0,0,2,-1,4,0,-3,0,-2,1
8882,52942,61690,65280,4,1,2,0,-4,2,0,0,3,-1,4,0,-3,0,-2,1
10922,52942,61690,65280,4,1,2,0,-1,2,0,0,-1,-1,4,0,-2,0,-2,1
10794,52942,61690,65280,4,1,2,0,-2,2,0,0,-2,-1,4,0,-1,0,-2,1
35502,52942,61690,65280,2,1,2,0,1,2,0,0,-1,-1,4,0,-1,0,-2,1
35566,52942,61690,65280,3,1,2,0,2,2,0,0,-1,-1,4,0,-2,0,-2,1
36494,52942,61690,65280,4,1,2,0,4,2,0,0,-4,-1,4,0,-2,0,-2,1
33022,52942,61690,65280,2,1,2,0,1,2,0,0,1,-1,4,0,-3,0,-2,1
8370,52942,61690,65280,3,1,2,0,-3,2,0,0,3,-1,4,0,-3,0,-2,1
8746,52942,61690,65280,4,1,2,0,-3,2,0,0,-1,-1,4,0,-2,0,-2,1
8754,52942,61690,65280,3,1,2,0,-4,2,0,0,1,-1,4,0,-2,0,-2,1
8738,52942,61690,65280,4,1,2,0,-4,2,0,0,0,-1,4,0,-3,0,-2,1
36526,52942,61690,65280,4,1,2,0,2,2,0,0,-3,-1,4,0,-1,0,-2,1
8378,52942,61690,65280,3,1,2,0,-1,2,0,0,1,-1,4,0,-3,0,-2,1
36558,52942,61690,65280,3,1,2,0,4,2,0,0,-3,-1,4,0,-1,0,-2,1
36590,52974,61684,65280,2,2,-1,0,2,3,1,0,-1,-1,4,0,-1,-1,-2,1
36494,52974,61684,65280,3,2,-1,0,3,3,1,0,-3,-1,4,0,-1,-1,-2,1
36526,52974,61684,65280,4,2,-1,0,2,3,1,0,-3,-1,4,0,-1,-1,-2,1
36046,52974,61684,65280,2,2,-1,0,3,3,1,0,-2,-1,4,0,-2,-1,-2,1
35566,52974,61684,65280,4,2,-1,0,3,3,1,0,-2,-1,4,0,-3,-1,-2,1
35502,52974,61684,65280,4,2,-1,0,2,3,1,0,-2,-1,4,0,-3,-1,-2,1
10922,52974,61684,65280,4,2,-1,0,-1,3,1,0,-1,-1,4,0,-2,-1,-2,1
10794,52974,61684,65280,4,2,-1,0,-2,3,1,0,-2,-1,4,0,-1,-1,-2,1
8746,52974,61684,65280,4,2,-1,0,-3,3,1,0,-2,-1,4,0,-1,-1,-2,1
8738,52974,61684,65280,4,2,-1,0,-4,3,1,0,-2,-1,4,0,-1,-1,-2,1
8874,52974,61684,65280,4,2,-1,0,-2,3,1,0,-1,-1,4,0,-2,-1,-2,1
8890,52974,61684,65280,4,2,-1,0,-3,3,1,0,1,-1,4,0,-2,-1,-2,1
8882,52974,61684,65280,4,2,-1,0,-4,3,1,0,2,-1,4,0,-2,-1,-2,1
8370,52974,61684,65280,2,2,-1,0,-2,3,1,0,2,-1,4,0,-2,-1,-2,1
8434,52974,61684,65280,1,2,-1,0,-1,3,1,0,2,-1,4,0,-2,-1,-2,1
8378,52974,61684,65280,2,2,-1,0,-1,3,1,0,1,-1,4,0,-2,-1,-2,1
8442,52974,61684,65280,2,2,-1,0,-1,3,1,0,2,-1,4,0,-3,-1,-2,1
8242,52974,61684,65280,2,2,-1,0,-4,3,1,0,2,-1,4,0,-3,-1,-2,1
33022,52974,61684,65280,2,2,-1,0,1,3,1,0,1,-1,4,0,-3,-1,-2,1
8242,52974,61694,65280,2,2,1,0,-4,3,1,0,2,-1,4,0,-3,-1,-2,1
8242,52974,61692,65280,2,2,0,0,-4,3,2,0,2,-1,4,0,-3,-1,-2,1
8242,52974,61680,65280,2,2,0,0,-4,3,0,0,2,-1,4,0,-3,-1,-2,1
8242,52974,61682,65280,2,2,1,0,-4,3,-1,0,2,-1,4,0,-3,-1,-2,1
8242,52974,61690,65280,2,2,1,0,-4,3,0,0,2,-1,4,0,-3,-1,-2,1
10794,52974,61690,65280,4,2,1,0,-2,3,0,0,-2,-1,4,0,-1,-1,-2,1
10794,52974,61694,65280,4,2,1,0,-2,3,1,0,-2,-1,4,0,-1,-1,-2,1
10794,52974,61692,65280,4,2,0,0,-2,3,2,0,-2,-1,4,0,-1,-1,-2,1
10794,52974,61680,65280,4,2,0,0,-2,3,0,0,-2,-1,4,0,-1,-1,-2,1
10794,52974,61682,65280,4,2,1,0,-2,3,-1,0,-2,-1,4,0,-1,-1,-2,1
8746,52974,61682,65280,4,2,1,0,-3,3,-1,0,-2,-1,4,0,-1,-1,-2,1
8746,52974,61694,65280,4,2,1,0,-3,3,1,0,-2,-1,4,0,-1,-1,-2,1
8746,52974,61692,65280,4,2,0,0,-3,3,2,0,-2,-1,4,0,-1,-1,-2,1
8746,52974,61680,65280,4,2,0,0,-3,3,0,0,-2,-1,4,0,-1,-1,-2,1
8746,52974,61690,65280,4,2,1,0,-3,3,0,0,-2,-1,4,0,-1,-1,-2,1
8738,52974,61690,65280,4,2,1,0,-4,3,0,0,-2,-1,4,0,-1,-1,-2,1
8738,52974,61682,65280,4,2,1,0,-4,3,-1,0,-2,-1,4,0,-1,-1,-2,1
8738,52974,61694,65280,4,2,1,0,-4,3,1,0,-2,-1,4,0,-1,-1,-2,1
8738,52974,61692,65280,4,2,0,0,-4,3,2,0,-2,-1,4,0,-1,-1,-2,1
8738,52974,61680,65280,4,2,0,0,-4,3,0,0,-2,-1,4,0,-1,-1,-2,1
8890,52974,61680,65280,4,2,0,0,-3,3,0,0,1,-1,4,0,-2,-1,-2,1
8890,52974,61690,65280,4,2,1,0,-3,3,0,0,1,-1,4,0,-2,-1,-2,1
8890,52974,61682,65280,4,2,1,0,-3,3,-1,0,1,-1,4,0,-2,-1,-2,1
8890,52974,61694,65280,4,2,1,0,-3,3,1,0,1,-1,4,0,-2,-1,-2,1
8890,52974,61692,65280,4,2,0,0,-3,3,2,0,1,-1,4,0,-2,-1,-2,1
35566,52974,61692,65280,4,2,0,0,2,3,2,0,-1,-1,4,0,-3,-1,-2,1
35502,52974,61692,65280,4,2,0,0,1,3,2,0,-1,-1,4,0,-3,-1,-2,1
33022,52974,61692,65280,2,2,0,0,1,3,2,0,1,-1,4,0,-3,-1,-2,1
36046,52974,61692,65280,1,2,0,0,2,3,2,0,-1,-1,4,0,-1,-1,-2,1
36590,52974,61692,65280,2,2,0,0,2,3,2,0,-1,-1,4,0,-1,-1,-2,1
36494,52974,61692,65280,2,2,0,0,2,3,2,0,-2,-1,4,0,-1,-1,-2,1
36526,52974,61692,65280,3,2,0,0,2,3,2,0,-2,-1,4,0,-1,-1,-2,1
33022,52974,61680,65280,2,2,0,0,2,3,0,0,1,-1,4,0,-4,-1,-2,1
33022,52974,61690,65280,2,2,1,0,2,3,0,0,1,-1,4,0,-4,-1,-2,1
33022,52974,61682,65280,2,2,1,0,2,3,-1,0,1,-1,4,0,-4,-1,-2,1
33022,52974,61694,65280,2,2,1,0,2,3,1,0,1,-1,4,0,-4,-1,-2,1
35566,52974,61694,65280,3,2,1,0,2,3,1,0,-1,-1,4,0,-2,-1,-2,1
35566,52974,61680,65280,3,2,0,0,2,3,0,0,-1,-1,4,0,-2,-1,-2,1
35566,52974,61690,65280,3,2,1,0,2,3,0,0,-1,-1,4,0,-2,-1,-2,1
35566,52974,61682,65280,3,2,1,0,2,3,-1,0,-1,-1,4,0,-2,-1,-2,1
36046,52974,61690,65280,1,2,1,0,2,3,0,0,-1,-1,4,0,-1,-1,-2,1
36046,52974,61694,65280,1,2,1,0,2,3,1,0,-1,-1,4,0,-1,-1,-2,1
36046,52974,61680,65280,1,2,0,0,2,3,0,0,-1,-1,4,0,-1,-1,-2,1
36046,52974,61682,65280,1,2,1,0,2,3,-1,0,-1,-1,4,0,-1,-1,-2,1
36494,52974,61690,65280,2,2,1,0,2,3,0,0,-2,-1,4,0,-1,-1,-2,1
36494,52974,61694,65280,2,2,1,0,2,3,1,0,-2,-1,4,0,-1,-1,-2,1
36494,52974,61680,65280,2,2,0,0,2,3,0,0,-2,-1,4,0,-1,-1,-2,1
36494,52974,61682,65280,2,2,1,0,2,3,-1,0,-2,-1,4,0,-1,-1,-2,1
36590,52974,61690,65280,2,2,1,0,2,3,0,0,-1,-1,4,0,-1,-1,-2,1
36590,52974,61694,65280,2,2,1,0,2,3,1,0,-1,-1,4,0,-1,-1,-2,1
36590,52974,61680,65280,2,2,0,0,2,3,0,0,-1,-1,4,0,-1,-1,-2,1
36590,52974,61682,65280,2,2,1,0,2,3,-1,0,-1,-1,4,0,-1,-1,-2,1
36526,52974,61690,65280,3,2,1,0,2,3,0,0,-2,-1,4,0,-1,-1,-2,1
36526,52974,61694,65280,3,2,1,0,2,3,1,0,-2,-1,4,0,-1,-1,-2,1
36526,52974,61680,65280,3,2,0,0,2,3,0,0,-2,-1,4,0,-1,-1,-2,1
36526,52974,61682,65280,3,2,1,0,2,3,-1,0,-2,-1,4,0,-1,-1,-2,1
35502,52974,61690,65280,3,2,1,0,2,3,0,0,-2,-1,4,0,-2,-1,-2,1
35502,52974,61694,65280,3,2,1,0,2,3,1,0,-2,-1,4,0,-2,-1,-2,1
35502,52974,61680,65280,3,2,0,0,2,3,0,0,-2,-1,4,0,-2,-1,-2,1
35502,52974,61682,65280,3,2,1,0,2,3,-1,0,-2,-1,4,0,-2,-1,-2,1
8882,52974,61692,65280,4,2,0,0,-4,3,1,0,3,-1,4,0,-3,-1,-2,1
8882,52974,61690,65280,4,2,1,0,-4,3,0,0,3,-1,4,0,-3,-1,-2,1
8882,52974,61694,65280,4,2,1,0,-4,3,1,0,3,-1,4,0,-3,-1,-2,1
8882,52974,61680,65280,4,2,0,0,-4,3,0,0,3,-1,4,0,-3,-1,-2,1
8882,52974,61682,65280,4,2,1,0,-4,3,-1,0,3,-1,4,0,-3,-1,-2,1
8874,52974,61692,65280,4,2,0,0,-1,3,1,0,0,-1,4,0,-3,-1,-2,1
8874,52974,61690,65280,4,2,1,0,-1,3,0,0,0,-1,4,0,-3,-1,-2,1
8874,52974,61694,65280,4,2,1,0,-1,3,1,0,0,-1,4,0,-3,-1,-2,1
8874,52974,61680,65280,4,2,0,0,-1,3,0,0,0,-1,4,0,-3,-1,-2,1
8874,52974,61682,65280,4,2,1,0,-1,3,-1,0,0,-1,4,0,-3,-1,-2,1
10922,52974,61692,65280,4,2,0,0,-1,3,1,0,-1,-1,4,0,-2,-1,-2,1
10922,52974,61690,65280,4,2,1,0,-1,3,0,0,-1,-1,4,0,-2,-1,-2,1
10922,52974,61694,65280,4,2,1,0,-1,3,1,0,-1,-1,4,0,-2,-1,-2,1
10922,52974,61680,65280,4,2,0,0,-1,3,0,0,-1,-1,4,0,-2,-1,-2,1
10922,52974,61682,65280,4,2,1,0,-1,3,-1,0,-1,-1,4,0,-2,-1,-2,1
8370,52974,61692,65280,4,2,0,0,-4,3,1,0,3,-1,4,0,-4,-1,-2,1
8370,52974,61690,65280,4,2,1,0,-4,3,0,0,3,-1,4,0,-4,-1,-2,1
8370,52974,61694,65280,4,2,1,0,-4,3,1,0,3,-1,4,0,-4,-1,-2,1
8370,52974,61680,65280,4,2,0,0,-4,3,0,0,3,-1,4,0,-4,-1,-2,1
8370,52974,61682,65280,4,2,1,0,-4,3,-1,0,3,-1,4,0,-4,-1,-2,1
8434,52974,61692,65280,2,2,0,0,-2,3,1,0,3,-1,4,0,-4,-1,-2,1
8434,52974,61690,65280,2,2,1,0,-2,3,0,0,3,-1,4,0,-4,-1,-2,1
8434,52974,61694,65280,2,2,1,0,-2,3,1,0,3,-1,4,0,-4,-1,-2,1
8434,52974,61680,65280,2,2,0,0,-2,3,0,0,3,-1,4,0,-4,-1,-2,1
8434,52974,61682,65280,2,2,1,0,-2,3,-1,0,3,-1,4,0,-4,-1,-2,1
8378,52974,61692,65280,4,2,0,0,-1,3,1,0,1,-1,4,0,-4,-1,-2,1
8378,52974,61690,65280,4,2,1,0,-1,3,0,0,1,-1,4,0,-4,-1,-2,1
8378,52974,61694,65280,4,2,1,0,-1,3,1,0,1,-1,4,0,-4,-1,-2,1
8378,52974,61680,65280,4,2,0,0,-1,3,0,0,1,-1,4,0,-4,-1,-2,1
8378,52974,61682,65280,4,2,1,0,-1,3,-1,0,1,-1,4,0,-4,-1,-2,1
8442,52974,61692,65280,3,2,0,0,-1,3,1,0,2,-1,4,0,-4,-1,-2,1
8442,52974,61690,65280,3,2,1,0,-1,3,0,0,2,-1,4,0,-4,-1,-2,1
8442,52974,61694,65280,3,2,1,0,-1,3,1,0,2,-1,4,0,-4,-1,-2,1
8442,52974,61680,65280,3,2,0,0,-1,3,0,0,2,-1,4,0,-4,-1,-2,1
8442,52974,61682,65280,3,2,1,0,-1,3,-1,0,2,-1,4,0,-4,-1,-2,1
36558,52974,61684,65280,2,2,-1,0,3,3,1,0,-2,-1,4,0,-1,-1,-2,1
36558,52974,61692,65280,2,2,0,0,3,3,1,0,-2,-1,4,0,-1,-1,-2,1
36558,52974,61690,65280,2,2,1,0,3,3,0,0,-2,-1,4,0,-1,-1,-2,1
36558,52974,61694,65280,2,2,1,0,3,3,1,0,-2,-1,4,0,-1,-1,-2,1
36558,52974,61680,65280,2,2,0,0,3,3,0,0,-2,-1,4,0,-1,-1,-2,1
36558,52974,61682,65280,2,2,1,0,3,3,-1,0,-2,-1,4,0,-1,-1,-2,1
8754,52974,61684,65280,3,2,-1,0,-4,3,1,0,1,-1,4,0,-1,-1,-2,1
8754,52974,61692,65280,3,2,0,0,-4,3,1,0,1,-1,4,0,-1,-1,-2,1
8754,52974,61690,65280,3,2,1,0,-4,3,0,0,1,-1,4,0,-1,-1,-2,1
8754,52974,61694,65280,3,2,1,0,-4,3,1,0,1,-1,4,0,-1,-1,-2,1
8754,52974,61680,65280,3,2,0,0,-4,3,0,0,1,-1,4,0,-1,-1,-2,1
8754,52974,61682,65280,3,2,1,0,-4,3,-1,0,1,-1,4,0,-1,-1,-2,1
8890,52428,61684,65280,4,0,-1,0,-2,3,1,0,1,-1,4,0,-3,0,-2,1
35566,52428,61684,65280,4,0,-1,0,2,3,1,0,-1,-1,4,0,-3,0,-2,1
33022,52428,61684,65280,2,0,-1,0,1,3,1,0,2,-1,4,0,-4,0,-2,1
8746,52428,61684,65280,3,0,-1,0,-2,3,1,0,-1,-1,4,0,-1,0,-2,1
8738,52428,61684,65280,3,0,-1,0,-3,3,1,0,-1,-1,4,0,-1,0,-2,1
36046,52428,61684,65280,1,0,-1,0,2,3,1,0,-1,-1,4,0,-1,0,-2,1
36494,52428,61684,65280,1,0,-1,0,1,3,1,0,-1,-1,4,0,0,0,-2,1
36590,52428,61684,65280,2,0,-1,0,2,3,1,0,-1,-1,4,0,-1,0,-2,1
36526,52428,61684,65280,3,0,-1,0,2,3,1,0,-2,-1,4,0,-1,0,-2,1
8882,52428,61684,65280,3,0,-1,0,-3,3,1,0,1,-1,4,0,-1,0,-2,1
35502,52428,61684,65280,2,0,-1,0,1,3,1,0,-1,-1,4,0,-1,0,-2,1
35566,52428,61692,65280,3,0,0,0,2,3,1,0,-1,-1,4,0,-2,0,-2,1
35566,52428,61694,65280,3,0,1,0,2,3,1,0,-1,-1,4,0,-2,0,-2,1
35566,52428,61680,65280,3,0,0,0,2,3,0,0,-1,-1,4,0,-2,0,-2,1
35566,52428,61690,65280,3,0,1,0,2,3,0,0,-1,-1,4,0,-2,0,-2,1
35566,52428,61682,65280,3,0,1,0,2,3,-1,0,-1,-1,4,0,-2,0,-2,1
8890,52428,61692,65280,3,0,0,0,-2,3,1,0,1,-1,4,0,-2,0,-2,1
8890,52428,61680,65280,3,0,0,0,-2,3,0,0,1,-1,4,0,-2,0,-2,1
8890,52428,61694,65280,3,0,1,0,-2,3,1,0,1,-1,4,0,-2,0,-2,1
8890,52428,61690,65280,3,0,1,0,-2,3,0,0,1,-1,4,0,-2,0,-2,1
8890,52428,61682,65280,3,0,1,0,-2,3,-1,0,1,-1,4,0,-2,0,-2,1
8738,52428,61692,65280,2,0,0,0,-2,3,1,0,-1,-1,4,0,0,0,-2,1
8738,52428,61694,65280,2,0,1,0,-2,3,1,0,-1,-1,4,0,0,0,-2,1
8738,52428,61680,65280,2,0,0,0,-2,3,0,0,-1,-1,4,0,0,0,-2,1
8738,52428,61690,65280,2,0,1,0,-2,3,0,0,-1,-1,4,0,0,0,-2,1
8746,52428,61690,65280,3,0,1,0,-2,3,0,0,-1,-1,4,0,-1,0,-2,1
8746,52428,61692,65280,3,0,0,0,-2,3,1,0,-1,-1,4,0,-1,0,-2,1
8746,52428,61694,65280,3,0,1,0,-2,3,1,0,-1,-1,4,0,-1,0,-2,1
8746,52428,61680,65280,3,0,0,0,-2,3,0,0,-1,-1,4,0,-1,0,-2,1
8746,52428,61682,65280,3,0,1,0,-2,3,-1,0,-1,-1,4,0,-1,0,-2,1
8738,52428,61682,65280,3,0,1,0,-3,3,-1,0,-1,-1,4,0,-1,0,-2,1
33022,52428,61692,65280,1,0,0,0,1,3,1,0,1,-1,4,0,-2,0,-2,1
33022,52428,61694,65280,1,0,1,0,1,3,1,0,1,-1,4,0,-2,0,-2,1
33022,52428,61680,65280,1,0,0,0,1,3,0,0,1,-1,4,0,-2,0,-2,1
33022,52428,61690,65280,1,0,1,0,1,3,0,0,1,-1,4,0,-2,0,-2,1
33022,52428,61682,65280,1,0,1,0,1,3,-1,0,1,-1,4,0,-2,0,-2,1
36046,52428,61692,65280,1,0,0,0,2,3,1,0,-1,-1,4,0,-1,0,-2,1
36046,52428,61694,65280,1,0,1,0,2,3,1,0,-1,-1,4,0,-1,0,-2,1
36494,52428,61692,65280,1,0,0,0,1,3,1,0,-1,-1,4,0,0,0,-2,1
36494,52428,61694,65280,1,0,1,0,1,3,1,0,-1,-1,4,0,0,0,-2,1
36494,52428,61680,65280,1,0,0,0,1,3,0,0,-1,-1,4,0,0,0,-2,1
36494,52428,61690,65280,1,0,1,0,1,3,0,0,-1,-1,4,0,0,0,-2,1
36494,52428,61682,65280,1,0,1,0,1,3,-1,0,-1,-1,4,0,0,0,-2,1
36590,52428,61692,65280,2,0,0,0,2,3,1,0,-1,-1,4,0,-1,0,-2,1
36590,52428,61694,65280,2,0,1,0,2,3,1,0,-1,-1,4,0,-1,0,-2,1
36590,52428,61680,65280,2,0,0,0,2,3,0,0,-1,-1,4,0,-1,0,-2,1
36590,52428,61690,65280,2,0,1,0,2,3,0,0,-1,-1,4,0,-1,0,-2,1
36590,52428,61682,65280,2,0,1,0,2,3,-1,0,-1,-1,4,0,-1,0,-2,1
36526,52428,61692,65280,3,0,0,0,2,3,1,0,-2,-1,4,0,-1,0,-2,1
36526,52428,61694,65280,3,0,1,0,2,3,1,0,-2,-1,4,0,-1,0,-2,1
36526,52428,61680,65280,3,0,0,0,2,3,0,0,-2,-1,4,0,-1,0,-2,1
36526,52428,61690,65280,3,0,1,0,2,3,0,0,-2,-1,4,0,-1,0,-2,1
36526,52428,61682,65280,3,0,1,0,2,3,-1,0,-2,-1,4,0,-1,0,-2,1
8882,52428,61692,65280,3,0,0,0,-3,3,1,0,1,-1,4,0,-1,0,-2,1
8882,52428,61694,65280,3,0,1,0,-3,3,1,0,1,-1,4,0,-1,0,-2,1
8882,52428,61680,65280,3,0,0,0,-3,3,0,0,1,-1,4,0,-1,0,-2,1
8882,52428,61690,65280,3,0,1,0,-3,3,0,0,1,-1,4,0,-1,0,-2,1
8882,52428,61682,65280,3,0,1,0,-3,3,-1,0,1,-1,4,0,-1,0,-2,1
35502,52428,61692,65280,2,0,0,0,1,3,1,0,-1,-1,4,0,-1,0,-2,1
35502,52428,61694,65280,2,0,1,0,1,3,1,0,-1,-1,4,0,-1,0,-2,1
35502,52428,61680,65280,2,0,0,0,1,3,0,0,-1,-1,4,0,-1,0,-2,1
35502,52428,61690,65280,2,0,1,0,1,3,0,0,-1,-1,4,0,-1,0,-2,1
35502,52428,61682,65280,2,0,1,0,1,3,-1,0,-1,-1,4,0,-1,0,-2,1
36558,52428,61684,65280,2,0,-1,0,3,3,1,0,-2,-1,4,0,-1,0,-2,1
36558,52428,61692,65280,2,0,0,0,3,3,1,0,-2,-1,4,0,-1,0,-2,1
36558,52428,61694,65280,2,0,1,0,3,3,1,0,-2,-1,4,0,-1,0,-2,1
36558,52428,61680,65280,2,0,0,0,3,3,0,0,-2,-1,4,0,-1,0,-2,1
36558,52428,61690,65280,2,0,1,0,3,3,0,0,-2,-1,4,0,-1,0,-2,1
36558,52428,61682,65280,2,0,1,0,3,3,-1,0,-2,-1,4,0,-1,0,-2,1
8874,52428,61684,65280,4,0,-1,0,-2,3,1,0,-1,-1,4,0,-2,0,-2,1
8874,52428,61692,65280,4,0,0,0,-2,3,1,0,-1,-1,4,0,-2,0,-2,1
8874,52428,61694,65280,4,0,1,0,-2,3,1,0,-1,-1,4,0,-2,0,-2,1
8874,52428,61680,65280,4,0,0,0,-2,3,0,0,-1,-1,4,0,-2,0,-2,1
8874,52428,61690,65280,4,0,1,0,-2,3,0,0,-1,-1,4,0,-2,0,-2,1
8874,52428,61682,65280,4,0,1,0,-2,3,-1,0,-1,-1,4,0,-2,0,-2,1
8370,52428,61684,65280,4,0,-1,0,-4,3,1,0,1,-1,4,0,-4,0,-2,1
8370,52428,61692,65280,4,0,0,0,-4,3,1,0,1,-1,4,0,-4,0,-2,1
8370,52428,61694,65280,4,0,1,0,-4,3,1,0,1,-1,4,0,-4,0,-2,1
8370,52428,61680,65280,4,0,0,0,-4,3,0,0,1,-1,4,0,-4,0,-2,1
8370,52428,61690,65280,4,0,1,0,-4,3,0,0,1,-1,4,0,-4,0,-2,1
8370,52428,61682,65280,4,0,1,0,-4,3,-1,0,1,-1,4,0,-4,0,-2,1
8434,52428,61684,65280,1,0,-1,0,-1,3,1,0,2,-1,4,0,-2,0,-2,1
8434,52428,61692,65280,1,0,0,0,-1,3,1,0,2,-1,4,0,-2,0,-2,1
8434,52428,61694,65280,1,0,1,0,-1,3,1,0,2,-1,4,0,-2,0,-2,1
8434,52428,61680,65280,1,0,0,0,-1,3,0,0,2,-1,4,0,-2,0,-2,1
8434,52428,61690,65280,1,0,1,0,-1,3,0,0,2,-1,4,0,-2,0,-2,1
8434,52428,61682,65280,1,0,1,0,-1,3,-1,0,2,-1,4,0,-2,0,-2,1
8378,52428,61684,65280,4,0,-1,0,-1,3,1,0,1,-1,4,0,-4,0,-2,1
8378,52428,61692,65280,4,0,0,0,-1,3,1,0,1,-1,4,0,-4,0,-2,1
8378,52428,61694,65280,4,0,1,0,-1,3,1,0,1,-1,4,0,-4,0,-2,1
8378,52428,61680,65280,4,0,0,0,-1,3,0,0,1,-1,4,0,-4,0,-2,1
8378,52428,61690,65280,4,0,1,0,-1,3,0,0,1,-1,4,0,-4,0,-2,1
8378,52428,61682,65280,4,0,1,0,-1,3,-1,0,1,-1,4,0,-4,0,-2,1
8442,52428,61684,65280,3,0,-1,0,-1,3,1,0,2,-1,4,0,-4,0,-2,1
8442,52428,61692,65280,3,0,0,0,-1,3,1,0,2,-1,4,0,-4,0,-2,1
8442,52428,61694,65280,3,0,1,0,-1,3,1,0,2,-1,4,0,-4,0,-2,1
8442,52428,61680,65280,3,0,0,0,-1,3,0,0,2,-1,4,0,-4,0,-2,1
8442,52428,61690,65280,3,0,1,0,-1,3,0,0,2,-1,4,0,-4,0,-2,1
8442,52428,61682,65280,3,0,1,0,-1,3,-1,0,2,-1,4,0,-4,0,-2,1
8754,52428,61684,65280,3,0,-1,0,-4,3,1,0,1,-1,4,0,-2,0,-2,1
8754,52428,61692,65280,3,0,0,0,-4,3,1,0,1,-1,4,0,-2,0,-2,1
8754,52428,61694,65280,3,0,1,0,-4,3,1,0,1,-1,4,0,-2,0,-2,1
8754,52428,61680,65280,3,0,0,0,-4,3,0,0,1,-1,4,0,-2,0,-2,1
8754,52428,61690,65280,3,0,1,0,-4,3,0,0,1,-1,4,0,-2,0,-2,1
8754,52428,61682,65280,3,0,1,0,-4,3,-1,0,1,-1,4,0,-2,0,-2,1
8242,52428,61684,65280,1,0,-1,0,-2,3,1,0,1,-1,4,0,-1,0,-2,1
8242,52428,61692,65280,1,0,0,0,-2,3,1,0,1,-1,4,0,-1,0,-2,1
8242,52428,61694,65280,1,0,1,0,-2,3,1,0,1,-1,4,0,-1,0,-2,1
8242,52428,61680,65280,1,0,0,0,-2,3,0,0,1,-1,4,0,-1,0,-2,1
8242,52428,61690,65280,1,0,1,0,-2,3,0,0,1,-1,4,0,-1,0,-2,1
8242,52428,61682,65280,1,0,1,0,-2,3,-1,0,1,-1,4,0,-1,0,-2,1
10794,52428,61684,65280,4,0,-1,0,-1,3,1,0,-3,-1,4,0,0,0,-2,1
10794,52428,61692,65280,4,0,0,0,-1,3,1,0,-3,-1,4,0,0,0,-2,1
10794,52428,61694,65280,4,0,1,0,-1,3,1,0,-3,-1,4,0,0,0,-2,1
10794,52428,61680,65280,4,0,0,0,-1,3,0,0,-3,-1,4,0,0,0,-2,1
10794,52428,61690,65280,4,0,1,0,-1,3,0,0,-3,-1,4,0,0,0,-2,1
10794,52428,61682,65280,4,0,1,0,-1,3,-1,0,-3,-1,4,0,0,0,-2,1
10922,52428,61684,65280,4,0,-1,0,-1,3,1,0,-2,-1,4,0,-1,0,-2,1
10922,52428,61692,65280,4,0,0,0,-1,3,1,0,-2,-1,4,0,-1,0,-2,1
10922,52428,61694,65280,4,0,1,0,-1,3,1,0,-2,-1,4,0,-1,0,-2,1
10922,52428,61680,65280,4,0,0,0,-1,3,0,0,-2,-1,4,0,-1,0,-2,1
10922,52428,61690,65280,4,0,1,0,-1,3,0,0,-2,-1,4,0,-1,0,-2,1
10922,52428,61682,65280,4,0,1,0,-1,3,-1,0,-2,-1,4,0,-1,0,-2,1
8890,49406,61684,65280,4,1,-1,0,-2,3,1,0,1,2,4,0,-3,-4,-2,1
8890,49406,61692,65280,4,1,-1,0,-2,3,2,0,1,2,4,0,-3,-4,-2,1
8890,49406,61694,65280,4,1,1,0,-2,3,1,0,1,2,4,0,-3,-4,-2,1
8890,49406,61680,65280,4,1,-1,0,-2,3,0,0,1,2,4,0,-3,-4,-2,1
8890,49406,61690,65280,4,1,1,0,-2,3,0,0,1,2,4,0,-3,-4,-2,1
8890,49406,61682,65280,4,1,1,0,-2,3,-1,0,1,2,4,0,-3,-4,-2,1
36046,49406,61684,65280,3,1,-1,0,4,3,1,0,-3,2,4,0,-3,-4,-2,1
8746,49406,61684,65280,4,1,-1,0,-3,3,1,0,-2,2,4,0,-1,-4,-2,1
33022,49406,61684,65280,1,1,-1,0,1,3,1,0,2,2,4,0,-3,-4,-2,1
8738,49406,61684,65280,4,1,-1,0,-4,3,1,0,0,2,4,0,-3,-4,-2,1
36494,49406,61684,65280,4,1,-1,0,4,3,1,0,-4,2,4,0,-3,-4,-2,1
36590,49406,61684,65280,4,1,-1,0,4,3,1,0,-2,2,4,0,-3,-4,-2,1
36526,49406,61684,65280,4,1,-1,0,3,3,1,0,-3,2,4,0,-2,-4,-2,1
8746,49406,61692,65280,4,1,-1,0,-3,3,2,0,-1,2,4,0,-2,-4,-2,1
8746,49406,61694,65280,4,1,1,0,-3,3,1,0,-1,2,4,0,-2,-4,-2,1
8746,49406,61680,65280,4,1,0,0,-3,3,0,0,-1,2,4,0,-2,-4,-2,1
8746,49406,61690,65280,4,1,2,0,-3,3,0,0,-1,2,4,0,-2,-4,-2,1
8746,49406,61682,65280,4,1,1,0,-3,3,-1,0,-1,2,4,0,-2,-4,-2,1
36046,49406,61694,65280,1,1,2,0,2,3,1,0,-1,2,4,0,-1,-4,-3,1
36046,49406,61692,65280,1,1,0,0,2,3,3,0,-1,2,4,0,-1,-4,-3,1
36046,49406,61680,65280,1,1,0,0,2,3,0,0,-1,2,4,0,-1,-4,-3,1
36046,49406,61690,65280,1,1,3,0,2,3,0,0,-1,2,4,0,-1,-4,-3,1
36046,49406,61682,65280,1,1,1,0,2,3,-1,0,-1,2,4,0,-1,-4,-2,1
33022,49406,61694,65280,1,1,2,0,1,3,1,0,1,2,4,0,-2,-4,-3,1
33022,49406,61692,65280,1,1,0,0,1,3,3,0,1,2,4,0,-2,-4,-3,1
33022,49406,61680,65280,1,1,0,0,1,3,0,0,1,2,4,0,-2,-4,-3,1
33022,49406,61690,65280,1,1,3,0,1,3,0,0,1,2,4,0,-2,-4,-3,1
33022,49406,61682,65280,1,1,1,0,1,3,-1,0,1,2,4,0,-2,-4,-2,1
8738,49406,61694,65280,4,1,2,0,-4,3,1,0,-1,2,4,0,-1,-4,-3,1
8738,49406,61692,65280,4,1,0,0,-4,3,3,0,-1,2,4,0,-1,-4,-3,1
8738,49406,61680,65280,4,1,0,0,-4,3,0,0,-1,2,4,0,-1,-4,-3,1
8738,49406,61690,65280,4,1,3,0,-4,3,0,0,-1,2,4,0,-1,-4,-3,1
8738,49406,61682,65280,4,1,1,0,-4,3,-1,0,-1,2,4,0,-1,-4,-2,1
36494,49406,61694,65280,1,1,2,0,1,3,1,0,-1,2,4,0,0,-4,-3,1
36494,49406,61692,65280,1,1,0,0,1,3,3,0,-1,2,4,0,0,-4,-3,1
36494,49406,61680,65280,1,1,0,0,1,3,0,0,-1,2,4,0,0,-4,-3,1
36494,49406,61690,65280,1,1,3,0,1,3,0,0,-1,2,4,0,0,-4,-3,1
36494,49406,61682,65280,1,1,1,0,1,3,-1,0,-1,2,4,0,0,-4,-2,1
36590,49406,61694,65280,3,1,2,0,3,3,1,0,-1,2,4,0,-2,-4,-3,1
36590,49406,61692,65280,3,1,0,0,3,3,3,0,-1,2,4,0,-2,-4,-3,1
36590,49406,61680,65280,3,1,0,0,3,3,0,0,-1,2,4,0,-2,-4,-3,1
36590,49406,61690,65280,3,1,3,0,3,3,0,0,-1,2,4,0,-2,-4,-3,1
36590,49406,61682,65280,3,1,1,0,3,3,-1,0,-1,2,4,0,-2,-4,-2,1
36526,49406,61694,65280,4,1,2,0,3,3,1,0,-3,2,4,0,-2,-4,-3,1
36526,49406,61692,65280,4,1,0,0,3,3,3,0,-3,2,4,0,-2,-4,-3,1
36526,49406,61680,65280,4,1,0,0,3,3,0,0,-3,2,4,0,-2,-4,-3,1
36526,49406,61690,65280,4,1,3,0,3,3,0,0,-3,2,4,0,-2,-4,-3,1
36526,49406,61682,65280,4,1,1,0,3,3,-1,0,-3,2,4,0,-2,-4,-2,1
36558,49406,61684,65280,3,1,-1,0,4,3,1,0,-3,2,4,0,-2,-4,-2,1
36558,49406,61694,65280,3,1,2,0,4,3,1,0,-3,2,4,0,-2,-4,-3,1
36558,49406,61692,65280,3,1,0,0,4,3,3,0,-3,2,4,0,-2,-4,-3,1
36558,49406,61680,65280,3,1,0,0,4,3,0,0,-3,2,4,0,-2,-4,-3,1
36558,49406,61690,65280,3,1,3,0,4,3,0,0,-3,2,4,0,-2,-4,-3,1
36558,49406,61682,65280,3,1,1,0,4,3,-1,0,-3,2,4,0,-2,-4,-2,1
35502,49406,61684,65280,4,1,-1,0,2,3,1,0,-2,2,4,0,-2,-4,-2,1
35502,49406,61694,65280,4,1,2,0,2,3,1,0,-2,2,4,0,-2,-4,-3,1
35502,49406,61692,65280,4,1,0,0,2,3,3,0,-2,2,4,0,-2,-4,-3,1
35502,49406,61680,65280,4,1,0,0,2,3,0,0,-2,2,4,0,-2,-4,-3,1
35502,49406,61690,65280,4,1,3,0,2,3,0,0,-2,2,4,0,-2,-4,-3,1
35502,49406,61682,65280,4,1,1,0,2,3,-1,0,-2,2,4,0,-2,-4,-2,1
35566,49406,61684,65280,4,1,-1,0,2,3,1,0,-1,2,4,0,-3,-4,-2,1
35566,49406,61694,65280,4,1,2,0,2,3,1,0,-1,2,4,0,-3,-4,-3,1
35566,49406,61692,65280,4,1,0,0,2,3,3,0,-1,2,4,0,-3,-4,-3,1
35566,49406,61680,65280,4,1,0,0,2,3,0,0,-1,2,4,0,-3,-4,-3,1
35566,49406,61690,65280,4,1,3,0,2,3,0,0,-1,2,4,0,-3,-4,-3,1
35566,49406,61682,65280,4,1,1,0,2,3,-1,0,-1,2,4,0,-3,-4,-2,1
8882,49406,61684,65280,4,1,-1,0,-4,3,1,0,1,2,4,0,-3,-4,-2,1
8882,49406,61694,65280,4,1,2,0,-4,3,1,0,1,2,4,0,-3,-4,-3,1
8882,49406,61692,65280,4,1,0,0,-4,3,3,0,1,2,4,0,-3,-4,-3,1
8882,49406,61680,65280,4,1,0,0,-4,3,0,0,1,2,4,0,-3,-4,-3,1
8882,49406,61690,65280,4,1,3,0,-4,3,0,0,1,2,4,0,-3,-4,-3,1
8882,49406,61682,65280,4,1,1,0,-4,3,-1,0,1,2,4,0,-3,-4,-2,1
8370,49406,61684,65280,4,1,-1,0,-4,3,1,0,1,2,4,0,-4,-4,-2,1
8370,49406,61694,65280,4,1,2,0,-4,3,1,0,1,2,4,0,-4,-4,-3,1
8370,49406,61692,65280,4,1,0,0,-4,3,3,0,1,2,4,0,-4,-4,-3,1
8370,49406,61680,65280,4,1,0,0,-4,3,0,0,1,2,4,0,-4,-4,-3,1
8370,49406,61690,65280,4,1,3,0,-4,3,0,0,1,2,4,0,-4,-4,-3,1
8370,49406,61682,65280,4,1,1,0,-4,3,-1,0,1,2,4,0,-4,-4,-2,1
8434,49406,61684,65280,3,1,-1,0,-3,3,1,0,4,2,4,0,-4,-4,-2,1
8434,49406,61694,65280,3,1,2,0,-3,3,1,0,4,2,4,0,-4,-4,-3,1
8434,49406,61692,65280,3,1,0,0,-3,3,3,0,4,2,4,0,-4,-4,-3,1
8434,49406,61680,65280,3,1,0,0,-3,3,0,0,4,2,4,0,-4,-4,-3,1
8434,49406,61690,65280,3,1,3,0,-3,3,0,0,4,2,4,0,-4,-4,-3,1
8434,49406,61682,65280,3,1,1,0,-3,3,-1,0,4,2,4,0,-4,-4,-2,1
8378,49406,61684,65280,4,1,-1,0,-3,3,1,0,3,2,4,0,-4,-4,-2,1
8378,49406,61694,65280,4,1,2,0,-3,3,1,0,3,2,4,0,-4,-4,-3,1
8378,49406,61692,65280,4,1,0,0,-3,3,3,0,3,2,4,0,-4,-4,-3,1
8378,49406,61680,65280,4,1,0,0,-3,3,0,0,3,2,4,0,-4,-4,-3,1
8378,49406,61690,65280,4,1,3,0,-3,3,0,0,3,2,4,0,-4,-4,-3,1
8378,49406,61682,65280,4,1,1,0,-3,3,-1,0,3,2,4,0,-4,-4,-2,1
8442,49406,61684,65280,3,1,-1,0,-2,3,1,0,3,2,4,0,-4,-4,-2,1
8442,49406,61694,65280,3,1,2,0,-2,3,1,0,3,2,4,0,-4,-4,-3,1
8442,49406,61692,65280,3,1,0,0,-2,3,3,0,3,2,4,0,-4,-4,-3,1
8442,49406,61680,65280,3,1,0,0,-2,3,0,0,3,2,4,0,-4,-4,-3,1
8442,49406,61690,65280,3,1,3,0,-2,3,0,0,3,2,4,0,-4,-4,-3,1
8442,49406,61682,65280,3,1,1,0,-2,3,-1,0,3,2,4,0,-4,-4,-2,1
8242,49406,61684,65280,1,1,-1,0,-4,3,1,0,3,2,4,0,-3,-4,-2,1
8242,49406,61694,65280,1,1,2,0,-4,3,1,0,3,2,4,0,-3,-4,-3,1
8242,49406,61692,65280,1,1,0,0,-4,3,3,0,3,2,4,0,-3,-4,-3,1
8242,49406,61680,65280,1,1,0,0,-4,3,0,0,3,2,4,0,-3,-4,-3,1
8242,49406,61690,65280,1,1,3,0,-4,3,0,0,3,2,4,0,-3,-4,-3,1
8242,49406,61682,65280,1,1,1,0,-4,3,-1,0,3,2,4,0,-3,-4,-2,1
8874,49406,61684,65280,4,1,-1,0,-3,3,1,0,0,2,4,0,-3,-4,-2,1
8874,49406,61694,65280,4,1,2,0,-3,3,1,0,0,2,4,0,-3,-4,-3,1
8874,49406,61692,65280,4,1,0,0,-3,3,3,0,0,2,4,0,-3,-4,-3,1
8874,49406,61680,65280,4,1,0,0,-3,3,0,0,0,2,4,0,-3,-4,-3,1
8874,49406,61690,65280,4,1,3,0,-3,3,0,0,0,2,4,0,-3,-4,-3,1
8874,49406,61682,65280,4,1,1,0,-3,3,-1,0,0,2,4,0,-3,-4,-2,1
8754,49406,61684,65280,3,1,-1,0,-4,3,1,0,1,2,4,0,-2,-4,-2,1
8754,49406,61694,65280,3,1,2,0,-4,3,1,0,1,2,4,0,-2,-4,-3,1
8754,49406,61692,65280,3,1,0,0,-4,3,3,0,1,2,4,0,-2,-4,-3,1
8754,49406,61680,65280,3,1,0,0,-4,3,0,0,1,2,4,0,-2,-4,-3,1
8754,49406,61690,65280,3,1,3,0,-4,3,0,0,1,2,4,0,-2,-4,-3,1
8754,49406,61682,65280,3,1,1,0,-4,3,-1,0,1,2,4,0,-2,-4,-2,1
10794,49406,61684,65280,4,1,-1,0,-3,3,1,0,-1,2,4,0,0,-4,-2,1
10794,49406,61694,65280,4,1,2,0,-3,3,1,0,-1,2,4,0,0,-4,-3,1
10794,49406,61692,65280,4,1,0,0,-3,3,3,0,-1,2,4,0,0,-4,-3,1
10794,49406,61680,65280,4,1,0,0,-3,3,0,0,-1,2,4,0,0,-4,-3,1
10794,49406,61690,65280,4,1,3,0,-3,3,0,0,-1,2,4,0,0,-4,-3,1
10794,49406,61682,65280,4,1,1,0,-3,3,-1,0,-1,2,4,0,0,-4,-2,1
10922,49406,61684,65280,4,1,-1,0,-2,3,1,0,-1,2,4,0,-1,-4,-2,1
10922,49406,61694,65280,4,1,2,0,-2,3,1,0,-1,2,4,0,-1,-4,-3,1
10922,49406,61692,65280,4,1,0,0,-2,3,3,0,-1,2,4,0,-1,-4,-3,1
10922,49406,61680,65280,4,1,0,0,-2,3,0,0,-1,2,4,0,-1,-4,-3,1
10922,49406,61690,65280,4,1,3,0,-2,3,0,0,-1,2,4,0,-1,-4,-3,1
10922,49406,61682,65280,4,1,1,0,-2,3,-1,0,-1,2,4,0,-1,-4,-2,1
36078,52942,61684,65280,3,1,-1,0,4,4,1,0,-1,-2,4,0,-3,0,-2,1
36078,52974,61684,65280,3,2,-1,0,4,3,1,0,-1,-1,4,0,-3,-1,-2,1
36078,52428,61684,65280,3,0,-1,0,4,4,1,0,-1,-2,4,0,-3,-1,-2,1
36078,49406,61684,65280,3,1,-1,0,4,2,1,0,-1,2,4,0,-3,-3,-2,1
36078,52974,61694,65280,3,2,2,0,4,3,1,0,-1,-1,4,0,-3,-1,-3,1
36078,52974,61692,65280,3,2,0,0,4,3,3,0,-1,-1,4,0,-3,-1,-3,1
36078,52974,61680,65280,3,2,0,0,4,3,0,0,-1,-1,4,0,-3,-1,-3,1
36078,52974,61690,65280,3,2,3,0,4,3,0,0,-1,-1,4,0,-3,-1,-3,1
36078,52974,61682,65280,3,2,1,0,4,3,-1,0,-1,-1,4,0,-3,-1,-2,1
36078,52942,61694,65280,3,2,2,0,4,4,1,0,-1,-2,4,0,-3,-1,-3,1
36078,52942,61692,65280,3,2,0,0,4,4,3,0,-1,-2,4,0,-3,-1,-3,1
36078,52942,61680,65280,3,2,0,0,4,4,0,0,-1,-2,4,0,-3,-1,-3,1
36078,52942,61690,65280,3,2,1,0,4,4,0,0,-1,-2,4,0,-3,-1,-3,1
36078,52942,61682,65280,3,2,1,0,4,4,-1,0,-1,-2,4,0,-3,-1,-2,1
36078,52428,61692,65280,3,0,0,0,4,4,1,0,-1,-2,4,0,-3,-1,-3,1
36078,52428,61694,65280,3,0,1,0,4,4,1,0,-1,-2,4,0,-3,-1,-3,1
36078,52428,61680,65280,3,0,0,0,4,4,0,0,-1,-2,4,0,-3,-1,-3,1
36078,52428,61690,65280,3,0,1,0,4,4,0,0,-1,-2,4,0,-3,-1,-3,1
36078,49406,61692,65280,3,1,0,0,4,3,1,0,-1,2,4,0,-3,-4,-3,1
36078,49406,61694,65280,3,1,1,0,4,3,1,0,-1,2,4,0,-3,-4,-3,1
36078,49406,61680,65280,3,1,0,0,4,3,0,0,-1,2,4,0,-3,-4,-3,1
36078,49406,61690,65280,3,1,1,0,4,3,0,0,-1,2,4,0,-3,-4,-3,1
36078,49406,61682,65280,3,1,1,0,4,3,-1,0,-1,2,4,0,-3,-4,-2,1
36046,50396,61684,65280,2,-3,-1,0,4,4,1,0,-2,1,4,0,-3,-1,-2,1
36590,50396,61684,65280,2,-3,-1,0,2,4,1,0,-1,1,4,0,-1,-1,-2,1
36558,50396,61684,65280,2,-3,-1,0,3,4,1,0,-2,1,4,0,-1,-1,-2,1
36494,50396,61684,65280,2,-3,-1,0,2,4,1,0,-2,1,4,0,-1,-1,-2,1
36526,50396,61684,65280,3,-3,-1,0,2,4,1,0,-2,1,4,0,-1,-1,-2,1
33022,50396,61684,65280,3,-3,-1,0,1,4,1,0,1,1,4,0,-4,-1,-2,1
8442,50396,61684,65280,3,-3,-1,0,-1,4,1,0,2,1,4,0,-4,-1,-2,1
8434,50396,61684,65280,3,-3,-1,0,-3,4,1,0,4,1,4,0,-4,-1,-2,1
8370,50396,61684,65280,3,-3,-1,0,-3,4,1,0,3,1,4,0,-4,-1,-2,1
8242,50396,61684,65280,2,-3,-1,0,-3,4,1,0,1,1,4,0,-2,-1,-2,1
8378,50396,61684,65280,2,-3,-1,0,-1,4,1,0,1,1,4,0,-2,-1,-2,1
8890,50396,61684,65280,3,-3,-1,0,-2,4,1,0,1,1,4,0,-2,-1,-2,1
8746,50396,61684,65280,3,-3,-1,0,-2,4,1,0,-1,1,4,0,-1,-1,-2,1
8738,50396,61684,65280,3,-3,-1,0,-3,4,1,0,-1,1,4,0,-1,-1,-2,1
8754,50396,61684,65280,2,-3,-1,0,-3,4,1,0,1,1,4,0,-1,-1,-2,1
8882,50396,61684,65280,2,-3,-1,0,-2,4,1,0,1,1,4,0,-1,-1,-2,1
8874,50396,61684,65280,2,-3,-1,0,-1,4,1,0,0,1,4,0,-1,-1,-2,1
10794,50396,61684,65280,2,-3,-1,0,-1,4,1,0,-1,1,4,0,0,-1,-2,1
10922,50396,61684,65280,3,-3,-1,0,-1,4,1,0,-1,1,4,0,-1,-1,-2,1
35502,50396,61684,65280,2,-3,-1,0,1,4,1,0,-1,1,4,0,-1,-1,-2,1
35566,50396,61684,65280,3,-3,-1,0,2,4,1,0,-1,1,4,0,-2,-1,-2,1
8434,50396,61692,65280,2,-3,-1,0,-2,4,2,0,4,1,4,0,-4,-1,-2,1
8434,50396,61694,65280,2,-3,1,0,-2,4,1,0,4,1,4,0,-4,-1,-2,1
8434,50396,61680,65280,2,-3,0,0,-2,4,0,0,4,1,4,0,-4,-1,-2,1
8434,50396,61690,65280,2,-3,1,0,-2,4,0,0,4,1,4,0,-4,-1,-2,1
8434,50396,61682,65280,2,-3,1,0,-2,4,-1,0,4,1,4,0,-4,-1,-2,1
36590,50396,61682,65280,2,-3,1,0,2,4,-1,0,-1,1,4,0,-1,-1,-2,1
36590,50396,61692,65280,2,-3,0,0,2,4,1,0,-1,1,4,0,-1,-1,-2,1
36590,50396,61694,65280,2,-3,1,0,2,4,1,0,-1,1,4,0,-1,-1,-2,1
36590,50396,61680,65280,2,-3,0,0,2,4,-1,0,-1,1,4,0,-1,-1,-2,1
36590,50396,61690,65280,2,-3,1,0,2,4,0,0,-1,1,4,0,-1,-1,-2,1
36558,50396,61682,65280,2,-3,1,0,3,4,-1,0,-2,1,4,0,-1,-1,-2,1
36558,50396,61692,65280,2,-3,0,0,3,4,1,0,-2,1,4,0,-1,-1,-2,1
36558,50396,61694,65280,2,-3,1,0,3,4,1,0,-2,1,4,0,-1,-1,-2,1
36558,50396,61680,65280,2,-3,0,0,3,4,0,0,-2,1,4,0,-1,-1,-2,1
36558,50396,61690,65280,2,-3,1,0,3,4,0,0,-2,1,4,0,-1,-1,-2,1
36494,50396,61682,65280,2,-3,1,0,2,4,-1,0,-2,1,4,0,-1,-1,-2,1
36494,50396,61692,65280,2,-3,0,0,2,4,1,0,-2,1,4,0,-1,-1,-2,1
36494,50396,61694,65280,2,-3,1,0,2,4,1,0,-2,1,4,0,-1,-1,-2,1
36494,50396,61680,65280,2,-3,0,0,2,4,0,0,-2,1,4,0,-1,-1,-2,1
36494,50396,61690,65280,2,-3,1,0,2,4,0,0,-2,1,4,0,-1,-1,-2,1
36526,50396,61682,65280,3,-3,1,0,2,4,-1,0,-2,1,4,0,-1,-1,-2,1
36526,50396,61692,65280,3,-3,0,0,2,4,1,0,-2,1,4,0,-1,-1,-2,1
36526,50396,61694,65280,3,-3,1,0,2,4,1,0,-2,1,4,0,-1,-1,-2,1
36526,50396,61680,65280,3,-3,0,0,2,4,0,0,-2,1,4,0,-1,-1,-2,1
36526,50396,61690,65280,3,-3,1,0,2,4,0,0,-2,1,4,0,-1,-1,-2,1
36046,50396,61682,65280,1,-3,1,0,3,4,-1,0,-2,1,4,0,-1,-1,-2,1
36046,50396,61692,65280,1,-3,0,0,3,4,1,0,-2,1,4,0,-1,-1,-2,1
36046,50396,61694,65280,1,-3,1,0,3,4,1,0,-2,1,4,0,-1,-1,-2,1
36046,50396,61680,65280,1,-3,0,0,3,4,0,0,-2,1,4,0,-1,-1,-2,1
36046,50396,61690,65280,1,-3,1,0,3,4,0,0,-2,1,4,0,-1,-1,-2,1
8442,50396,61682,65280,2,-3,1,0,-1,4,-1,0,2,1,4,0,-3,-1,-2,1
8442,50396,61692,65280,2,-3,0,0,-1,4,1,0,2,1,4,0,-3,-1,-2,1
8442,50396,61694,65280,2,-3,1,0,-1,4,1,0,2,1,4,0,-3,-1,-2,1
8442,50396,61680,65280,2,-3,0,0,-1,4,0,0,2,1,4,0,-3,-1,-2,1
8442,50396,61690,65280,2,-3,1,0,-1,4,0,0,2,1,4,0,-3,-1,-2,1
8370,50396,61682,65280,2,-3,1,0,-2,4,-1,0,2,1,4,0,-2,-1,-2,1
8370,50396,61692,65280,2,-3,0,0,-2,4,1,0,2,1,4,0,-2,-1,-2,1
8370,50396,61694,65280,2,-3,1,0,-2,4,1,0,2,1,4,0,-2,-1,-2,1
8370,50396,61680,65280,2,-3,0,0,-2,4,0,0,2,1,4,0,-2,-1,-2,1
8370,50396,61690,65280,2,-3,1,0,-2,4,0,0,2,1,4,0,-2,-1,-2,1
8242,50396,61682,65280,2,-3,1,0,-3,4,-1,0,1,1,4,0,-2,-1,-2,1
8242,50396,61692,65280,2,-3,0,0,-3,4,1,0,1,1,4,0,-2,-1,-2,1
8242,50396,61694,65280,2,-3,1,0,-3,4,1,0,1,1,4,0,-2,-1,-2,1
8242,50396,61680,65280,2,-3,0,0,-3,4,0,0,1,1,4,0,-2,-1,-2,1
8242,50396,61690,65280,2,-3,1,0,-3,4,0,0,1,1,4,0,-2,-1,-2,1
8890,50396,61682,65280,3,-3,1,0,-2,4,-1,0,1,1,4,0,-2,-1,-2,1
8890,50396,61694,65280,3,-3,1,0,-2,4,1,0,1,1,4,0,-2,-1,-2,1
8890,50396,61692,65280,3,-3,0,0,-2,4,1,0,1,1,4,0,-2,-1,-2,1
8890,50396,61680,65280,3,-3,0,0,-2,4,0,0,1,1,4,0,-2,-1,-2,1
8890,50396,61690,65280,3,-3,1,0,-2,4,0,0,1,1,4,0,-2,-1,-2,1
8882,50396,61682,65280,2,-3,1,0,-2,4,-1,0,1,1,4,0,-1,-1,-2,1
8882,50396,61694,65280,2,-3,1,0,-2,4,1,0,1,1,4,0,-1,-1,-2,1
8882,50396,61692,65280,2,-3,0,0,-2,4,1,0,1,1,4,0,-1,-1,-2,1
8882,50396,61680,65280,2,-3,0,0,-2,4,0,0,1,1,4,0,-1,-1,-2,1
8882,50396,61690,65280,2,-3,1,0,-2,4,0,0,1,1,4,0,-1,-1,-2,1
33022,50396,61682,65280,1,-3,1,0,3,4,-1,0,1,1,4,0,-4,-1,-2,1
33022,50396,61694,65280,1,-3,1,0,3,4,1,0,1,1,4,0,-4,-1,-2,1
33022,50396,61692,65280,1,-3,0,0,3,4,1,0,1,1,4,0,-4,-1,-2,1
33022,50396,61680,65280,1,-3,0,0,3,4,0,0,1,1,4,0,-4,-1,-2,1
33022,50396,61690,65280,1,-3,1,0,3,4,0,0,1,1,4,0,-4,-1,-2,1
8746,50396,61682,65280,3,-3,1,0,-2,4,-1,0,-1,1,4,0,-1,-1,-2,1
8746,50396,61694,65280,3,-3,1,0,-2,4,1,0,-1,1,4,0,-1,-1,-2,1
8746,50396,61692,65280,3,-3,0,0,-2,4,1,0,-1,1,4,0,-1,-1,-2,1
8746,50396,61680,65280,3,-3,0,0,-2,4,0,0,-1,1,4,0,-1,-1,-2,1
8746,50396,61690,65280,3,-3,1,0,-2,4,0,0,-1,1,4,0,-1,-1,-2,1
8738,50396,61682,65280,2,-3,1,0,-2,4,-1,0,-1,1,4,0,0,-1,-2,1
8738,50396,61694,65280,2,-3,1,0,-2,4,1,0,-1,1,4,0,0,-1,-2,1
8738,50396,61692,65280,2,-3,0,0,-2,4,1,0,-1,1,4,0,0,-1,-2,1
8738,50396,61680,65280,2,-3,0,0,-2,4,0,0,-1,1,4,0,0,-1,-2,1
8738,50396,61690,65280,2,-3,1,0,-2,4,0,0,-1,1,4,0,0,-1,-2,1
8754,50396,61682,65280,2,-3,1,0,-3,4,-1,0,1,1,4,0,-1,-1,-2,1
8754,50396,61694,65280,2,-3,1,0,-3,4,1,0,1,1,4,0,-1,-1,-2,1
8754,50396,61692,65280,2,-3,0,0,-3,4,1,0,1,1,4,0,-1,-1,-2,1
8754,50396,61680,65280,2,-3,0,0,-3,4,0,0,1,1,4,0,-1,-1,-2,1
8754,50396,61690,65280,2,-3,1,0,-3,4,0,0,1,1,4,0,-1,-1,-2,1
8874,50396,61682,65280,2,-3,1,0,-1,4,-1,0,0,1,4,0,-1,-1,-2,1
8874,50396,61694,65280,2,-3,1,0,-1,4,1,0,0,1,4,0,-1,-1,-2,1
8874,50396,61692,65280,2,-3,0,0,-1,4,1,0,0,1,4,0,-1,-1,-2,1
8874,50396,61680,65280,2,-3,0,0,-1,4,0,0,0,1,4,0,-1,-1,-2,1
8874,50396,61690,65280,2,-3,1,0,-1,4,0,0,0,1,4,0,-1,-1,-2,1
10794,50396,61682,65280,2,-3,1,0,-1,4,-1,0,-1,1,4,0,0,-1,-2,1
10794,50396,61694,65280,2,-3,1,0,-1,4,1,0,-1,1,4,0,0,-1,-2,1
10794,50396,61692,65280,2,-3,0,0,-1,4,1,0,-1,1,4,0,0,-1,-2,1
10794,50396,61680,65280,2,-3,0,0,-1,4,0,0,-1,1,4,0,0,-1,-2,1
10794,50396,61690,65280,2,-3,1,0,-1,4,0,0,-1,1,4,0,0,-1,-2,1
10922,50396,61682,65280,3,-3,1,0,-1,4,-1,0,-1,1,4,0,-1,-1,-2,1
10922,50396,61692,65280,3,-3,0,0,-1,4,1,0,-1,1,4,0,-1,-1,-2,1
10922,50396,61694,65280,3,-3,1,0,-1,4,1,0,-1,1,4,0,-1,-1,-2,1
10922,50396,61680,65280,3,-3,0,0,-1,4,-1,0,-1,1,4,0,-1,-1,-2,1
10922,50396,61690,65280,3,-3,1,0,-1,4,0,0,-1,1,4,0,-1,-1,-2,1
8378,50396,61682,65280,2,-3,1,0,-1,4,-1,0,1,1,4,0,-2,-1,-2,1
8378,50396,61692,65280,2,-3,0,0,-1,4,1,0,1,1,4,0,-2,-1,-2,1
8378,50396,61694,65280,2,-3,1,0,-1,4,1,0,1,1,4,0,-2,-1,-2,1
8378,50396,61680,65280,2,-3,0,0,-1,4,0,0,1,1,4,0,-2,-1,-2,1
8378,50396,61690,65280,2,-3,1,0,-1,4,0,0,1,1,4,0,-2,-1,-2,1
35502,50396,61682,65280,3,-3,1,0,1,4,-1,0,-2,1,4,0,-1,-1,-2,1
35502,50396,61692,65280,3,-3,0,0,1,4,1,0,-2,1,4,0,-1,-1,-2,1
35502,50396,61694,65280,3,-3,1,0,1,4,1,0,-2,1,4,0,-1,-1,-2,1
35502,50396,61680,65280,3,-3,0,0,1,4,-1,0,-2,1,4,0,-1,-1,-2,1
35502,50396,61690,65280,3,-3,1,0,1,4,0,0,-2,1,4,0,-1,-1,-2,1
35566,50396,61682,65280,4,-3,1,0,3,4,-1,0,-2,1,4,0,-3,-1,-2,1
35566,50396,61692,65280,4,-3,0,0,3,4,1,0,-2,1,4,0,-3,-1,-2,1
35566,50396,61694,65280,4,-3,1,0,3,4,1,0,-2,1,4,0,-3,-1,-2,1
35566,50396,61680,65280,4,-3,0,0,3,4,0,0,-2,1,4,0,-3,-1,-2,1
35566,50396,61690,65280,4,-3,1,0,3,4,0,0,-2,1,4,0,-3,-1,-2,1
36078,50396,61684,65280,3,-3,-1,0,4,4,1,0,-2,1,4,0,-3,-1,-2,1
36078,50396,61682,65280,3,-3,1,0,4,4,-1,0,-2,1,4,0,-3,-1,-2,1
36078,50396,61692,65280,3,-3,0,0,4,4,1,0,-2,1,4,0,-3,-1,-2,1
36078,50396,61694,65280,3,-3,1,0,4,4,1,0,-2,1,4,0,-3,-1,-2,1
36078,50396,61680,65280,3,-3,0,0,4,4,0,0,-2,1,4,0,-3,-1,-2,1
36078,50396,61690,65280,3,-3,1,0,4,4,0,0,-2,1,4,0,-3,-1,-2,1
8434,50428,61684,65280,1,-1,-1,0,-1,3,1,0,2,2,4,0,-2,-2,-2,1
8442,50428,61684,65280,2,-1,-1,0,-1,3,1,0,2,2,4,0,-3,-2,-2,1
8370,50428,61684,65280,3,-1,-1,0,-3,3,1,0,3,2,4,0,-3,-2,-2,1
8242,50428,61684,65280,1,-1,-1,0,-4,3,1,0,3,2,4,0,-3,-2,-2,1
8890,50428,61684,65280,3,-1,-1,0,-2,3,1,0,1,2,4,0,-2,-2,-2,1
8882,50428,61684,65280,3,-1,-1,0,-3,3,1,0,1,2,4,0,-2,-2,-2,1
8746,50428,61684,65280,4,-1,-1,0,-3,3,1,0,-1,2,4,0,-2,-2,-2,1
8738,50428,61684,65280,4,-1,-1,0,-4,3,1,0,-1,2,4,0,-2,-2,-2,1
36494,50428,61684,65280,4,-1,-1,0,3,3,1,0,-4,2,4,0,-2,-2,-2,1
36526,50428,61684,65280,4,-1,-1,0,3,3,1,0,-3,2,4,0,-2,-2,-2,1
36590,50428,61684,65280,4,-1,-1,0,4,3,1,0,-3,2,4,0,-2,-2,-2,1
36558,50428,61684,65280,3,-1,-1,0,4,3,1,0,-3,2,4,0,-2,-2,-2,1
36046,50428,61684,65280,3,-1,-1,0,4,3,1,0,-3,2,4,0,-3,-2,-2,1
33022,50428,61684,65280,1,-1,-1,0,2,3,1,0,1,2,4,0,-3,-2,-2,1
8754,50428,61684,65280,3,-1,-1,0,-4,3,1,0,1,2,4,0,-2,-2,-2,1
8874,50428,61684,65280,4,-1,-1,0,-1,3,1,0,0,2,4,0,-3,-2,-2,1
10794,50428,61684,65280,4,-1,-1,0,-2,3,1,0,-2,2,4,0,-1,-2,-2,1
10922,50428,61684,65280,4,-1,-1,0,-1,3,1,0,-1,2,4,0,-2,-2,-2,1
8378,50428,61684,65280,3,-1,-1,0,-1,3,1,0,1,2,4,0,-3,-2,-2,1
8890,50428,61692,65280,3,-1,-1,0,-2,3,2,0,1,2,4,0,-2,-2,-2,1
8890,50428,61694,65280,3,-1,1,0,-2,3,1,0,1,2,4,0,-2,-2,-2,1
8890,50428,61680,65280,3,-1,0,0,-2,3,0,0,1,2,4,0,-2,-2,-2,1
8890,50428,61690,65280,3,-1,1,0,-2,3,0,0,1,2,4,0,-2,-2,-2,1
8890,50428,61682,65280,3,-1,1,0,-2,3,-1,0,1,2,4,0,-2,-2,-2,1
8882,50428,61682,65280,3,-1,1,0,-3,3,-1,0,2,2,4,0,-2,-2,-2,1
8882,50428,61692,65280,3,-1,0,0,-3,3,1,0,2,2,4,0,-2,-2,-2,1
8882,50428,61694,65280,3,-1,1,0,-3,3,1,0,2,2,4,0,-2,-2,-2,1
8882,50428,61680,65280,3,-1,0,0,-3,3,0,0,2,2,4,0,-2,-2,-2,1
8882,50428,61690,65280,3,-1,1,0,-3,3,0,0,2,2,4,0,-2,-2,-2,1
8434,50428,61692,65280,2,-1,0,0,-2,3,1,0,3,2,4,0,-3,-2,-2,1
8370,50428,61692,65280,2,-1,0,0,-3,3,1,0,3,2,4,0,-3,-2,-2,1
8442,50428,61692,65280,2,-1,0,0,-1,3,1,0,2,2,4,0,-3,-2,-2,1
8242,50428,61692,65280,2,-1,0,0,-4,3,1,0,2,2,4,0,-3,-2,-2,1
8442,50428,61682,65280,2,-1,1,0,-1,3,-1,0,2,2,4,0,-3,-2,-2,1
8434,50428,61682,65280,1,-1,1,0,-1,3,-1,0,3,2,4,0,-3,-2,-2,1
8370,50428,61682,65280,2,-1,1,0,-2,3,-1,0,2,2,4,0,-3,-2,-2,1
8242,50428,61682,65280,1,-1,1,0,-2,3,-1,0,1,2,4,0,-1,-2,-2,1
8442,50428,61694,65280,2,-1,1,0,-1,3,1,0,2,2,4,0,-3,-2,-2,1
8434,50428,61694,65280,1,-1,1,0,-1,3,1,0,2,2,4,0,-2,-2,-2,1
8370,50428,61694,65280,1,-1,1,0,-2,3,1,0,2,2,4,0,-2,-2,-2,1
8242,50428,61694,65280,1,-1,1,0,-3,3,1,0,2,2,4,0,-2,-2,-2,1
8242,50428,61680,65280,1,-1,0,0,-3,3,0,0,2,2,4,0,-2,-2,-2,1
8370,50428,61680,65280,1,-1,0,0,-2,3,0,0,2,2,4,0,-2,-2,-2,1
8434,50428,61680,65280,1,-1,0,0,-1,3,0,0,2,2,4,0,-2,-2,-2,1
8442,50428,61680,65280,2,-1,0,0,-1,3,0,0,2,2,4,0,-3,-2,-2,1
8434,50428,61690,65280,1,-1,1,0,-1,3,0,0,2,2,4,0,-2,-2,-2,1
8370,50428,61690,65280,1,-1,1,0,-2,3,0,0,2,2,4,0,-2,-2,-2,1
8242,50428,61690,65280,1,-1,1,0,-3,3,0,0,2,2,4,0,-2,-2,-2,1
8442,50428,61690,65280,2,-1,1,0,-1,3,0,0,2,2,4,0,-3,-2,-2,1
36590,50428,61692,65280,2,-1,0,0,2,3,1,0,-1,2,4,0,-1,-2,-2,1
36590,50428,61682,65280,2,-1,1,0,2,3,-1,0,-1,2,4,0,-1,-2,-2,1
36590,50428,61694,65280,2,-1,1,0,2,3,1,0,-1,2,4,0,-1,-2,-2,1
36590,50428,61680,65280,2,-1,0,0,2,3,0,0,-1,2,4,0,-1,-2,-2,1
36590,50428,61690,65280,2,-1,1,0,2,3,0,0,-1,2,4,0,-1,-2,-2,1
36558,50428,61692,65280,2,-1,0,0,3,3,1,0,-2,2,4,0,-1,-2,-2,1
36558,50428,61682,65280,2,-1,1,0,3,3,-1,0,-2,2,4,0,-1,-2,-2,1
36558,50428,61694,65280,2,-1,1,0,3,3,1,0,-2,2,4,0,-1,-2,-2,1
36558,50428,61680,65280,2,-1,0,0,3,3,0,0,-2,2,4,0,-1,-2,-2,1
36558,50428,61690,65280,2,-1,1,0,3,3,0,0,-2,2,4,0,-1,-2,-2,1
36494,50428,61692,65280,1,-1,0,0,1,3,1,0,-1,2,4,0,0,-2,-2,1
36494,50428,61682,65280,1,-1,1,0,1,3,-1,0,-1,2,4,0,0,-2,-2,1
36494,50428,61694,65280,1,-1,1,0,1,3,1,0,-1,2,4,0,0,-2,-2,1
36494,50428,61680,65280,1,-1,0,0,1,3,0,0,-1,2,4,0,0,-2,-2,1
36494,50428,61690,65280,1,-1,1,0,1,3,0,0,-1,2,4,0,0,-2,-2,1
8746,50428,61692,65280,4,-1,0,0,-3,3,1,0,-1,2,4,0,-1,-2,-2,1
8746,50428,61682,65280,4,-1,1,0,-3,3,-1,0,-1,2,4,0,-1,-2,-2,1
8746,50428,61694,65280,4,-1,1,0,-3,3,1,0,-1,2,4,0,-1,-2,-2,1
8746,50428,61680,65280,4,-1,0,0,-3,3,0,0,-1,2,4,0,-1,-2,-2,1
8746,50428,61690,65280,4,-1,1,0,-3,3,0,0,-1,2,4,0,-1,-2,-2,1
8738,50428,61692,65280,1,-1,0,0,-3,3,1,0,0,2,4,0,0,-2,-2,1
8738,50428,61682,65280,1,-1,1,0,-3,3,-1,0,0,2,4,0,0,-2,-2,1
8738,50428,61694,65280,1,-1,1,0,-3,3,1,0,0,2,4,0,0,-2,-2,1
8738,50428,61680,65280,1,-1,0,0,-3,3,0,0,0,2,4,0,0,-2,-2,1
8738,50428,61690,65280,1,-1,1,0,-3,3,0,0,0,2,4,0,0,-2,-2,1
36046,50428,61692,65280,1,-1,0,0,2,3,1,0,-1,2,4,0,-1,-2,-2,1
36046,50428,61682,65280,1,-1,1,0,2,3,-1,0,-1,2,4,0,-1,-2,-2,1
36046,50428,61694,65280,1,-1,1,0,2,3,1,0,-1,2,4,0,-1,-2,-2,1
36046,50428,61680,65280,1,-1,0,0,2,3,0,0,-1,2,4,0,-1,-2,-2,1
36046,50428,61690,65280,1,-1,1,0,2,3,0,0,-1,2,4,0,-1,-2,-2,1
33022,50428,61692,65280,1,-1,0,0,1,3,1,0,2,2,4,0,-3,-2,-2,1
33022,50428,61682,65280,1,-1,1,0,1,3,-1,0,2,2,4,0,-3,-2,-2,1
33022,50428,61694,65280,1,-1,1,0,1,3,1,0,2,2,4,0,-3,-2,-2,1
33022,50428,61680,65280,1,-1,0,0,1,3,0,0,2,2,4,0,-3,-2,-2,1
33022,50428,61690,65280,1,-1,1,0,1,3,0,0,2,2,4,0,-3,-2,-2,1
36526,50428,61692,65280,3,-1,0,0,2,3,1,0,-2,2,4,0,-1,-2,-2,1
36526,50428,61682,65280,3,-1,1,0,2,3,-1,0,-2,2,4,0,-1,-2,-2,1
36526,50428,61694,65280,3,-1,1,0,2,3,1,0,-2,2,4,0,-1,-2,-2,1
36526,50428,61680,65280,3,-1,0,0,2,3,0,0,-2,2,4,0,-1,-2,-2,1
36526,50428,61690,65280,3,-1,1,0,2,3,0,0,-2,2,4,0,-1,-2,-2,1
8378,50428,61692,65280,4,-1,0,0,-3,3,1,0,1,2,4,0,-4,-2,-2,1
8378,50428,61682,65280,4,-1,1,0,-3,3,-1,0,1,2,4,0,-4,-2,-2,1
8378,50428,61694,65280,4,-1,1,0,-3,3,1,0,1,2,4,0,-4,-2,-2,1
8378,50428,61680,65280,4,-1,0,0,-3,3,0,0,1,2,4,0,-4,-2,-2,1
8378,50428,61690,65280,4,-1,1,0,-3,3,0,0,1,2,4,0,-4,-2,-2,1
8754,50428,61692,65280,2,-1,0,0,-4,3,1,0,1,2,4,0,-1,-2,-2,1
8754,50428,61682,65280,2,-1,1,0,-4,3,-1,0,1,2,4,0,-1,-2,-2,1
8754,50428,61694,65280,2,-1,1,0,-4,3,1,0,1,2,4,0,-1,-2,-2,1
8754,50428,61680,65280,2,-1,0,0,-4,3,0,0,1,2,4,0,-1,-2,-2,1
8754,50428,61690,65280,2,-1,1,0,-4,3,0,0,1,2,4,0,-1,-2,-2,1
8874,50428,61692,65280,4,-1,0,0,-3,3,1,0,0,2,4,0,-1,-2,-2,1
8874,50428,61682,65280,4,-1,1,0,-3,3,-1,0,0,2,4,0,-1,-2,-2,1
8874,50428,61694,65280,4,-1,1,0,-3,3,1,0,0,2,4,0,-1,-2,-2,1
8874,50428,61680,65280,4,-1,0,0,-3,3,0,0,0,2,4,0,-1,-2,-2,1
8874,50428,61690,65280,4,-1,1,0,-3,3,0,0,0,2,4,0,-1,-2,-2,1
10794,50428,61692,65280,4,-1,0,0,-3,3,1,0,-1,2,4,0,0,-2,-2,1
10794,50428,61682,65280,4,-1,1,0,-3,3,-1,0,-1,2,4,0,0,-2,-2,1
10794,50428,61694,65280,4,-1,1,0,-3,3,1,0,-1,2,4,0,0,-2,-2,1
10794,50428,61680,65280,4,-1,0,0,-3,3,0,0,-1,2,4,0,0,-2,-2,1
10794,50428,61690,65280,4,-1,1,0,-3,3,0,0,-1,2,4,0,0,-2,-2,1
10922,50428,61692,65280,4,-1,0,0,-2,3,1,0,-1,2,4,0,-1,-2,-2,1
10922,50428,61682,65280,4,-1,1,0,-2,3,-1,0,-1,2,4,0,-1,-2,-2,1
10922,50428,61694,65280,4,-1,1,0,-2,3,1,0,-1,2,4,0,-1,-2,-2,1
10922,50428,61680,65280,4,-1,0,0,-2,3,0,0,-1,2,4,0,-1,-2,-2,1
10922,50428,61690,65280,4,-1,1,0,-2,3,0,0,-1,2,4,0,-1,-2,-2,1
36078,50428,61684,65280,2,-1,-1,0,3,3,1,0,-1,2,4,0,-2,-2,-2,1
36078,50428,61692,65280,2,-1,0,0,3,3,1,0,-1,2,4,0,-2,-2,-2,1
36078,50428,61682,65280,2,-1,1,0,3,3,-1,0,-1,2,4,0,-2,-2,-2,1
36078,50428,61694,65280,2,-1,1,0,3,3,1,0,-1,2,4,0,-2,-2,-2,1
36078,50428,61680,65280,2,-1,0,0,3,3,0,0,-1,2,4,0,-2,-2,-2,1
36078,50428,61690,65280,2,-1,1,0,3,3,0,0,-1,2,4,0,-2,-2,-2,1
35502,50428,61684,65280,2,-1,-1,0,1,3,1,0,-1,2,4,0,-1,-2,-2,1
35502,50428,61692,65280,2,-1,0,0,1,3,1,0,-1,2,4,0,-1,-2,-2,1
35502,50428,61682,65280,2,-1,1,0,1,3,-1,0,-1,2,4,0,-1,-2,-2,1
35502,50428,61694,65280,2,-1,1,0,1,3,1,0,-1,2,4,0,-1,-2,-2,1
35502,50428,61680,65280,2,-1,0,0,1,3,0,0,-1,2,4,0,-1,-2,-2,1
35502,50428,61690,65280,2,-1,1,0,1,3,0,0,-1,2,4,0,-1,-2,-2,1
35566,50428,61684,65280,3,-1,-1,0,2,3,1,0,-1,2,4,0,-2,-2,-2,1
35566,50428,61692,65280,3,-1,0,0,2,3,1,0,-1,2,4,0,-2,-2,-2,1
35566,50428,61682,65280,3,-1,1,0,2,3,-1,0,-1,2,4,0,-2,-2,-2,1
35566,50428,61694,65280,3,-1,1,0,2,3,1,0,-1,2,4,0,-2,-2,-2,1
35566,50428,61680,65280,3,-1,0,0,2,3,0,0,-1,2,4,0,-2,-2,-2,1
35566,50428,61690,65280,3,-1,1,0,2,3,0,0,-1,2,4,0,-2,-2,-2,1
8882,49404,61684,65280,4,-1,-1,0,-4,3,1,0,1,3,4,0,-1,-4,-2,1
8890,49404,61684,65280,4,-1,-1,0,-3,3,1,0,1,3,4,0,-2,-4,-2,1
8434,49404,61684,65280,3,-1,-1,0,-3,3,1,0,4,3,4,0,-4,-4,-2,1
8370,49404,61684,65280,4,-1,-1,0,-4,3,1,0,4,3,4,0,-4,-4,-2,1
8242,49404,61684,65280,2,-1,-1,0,-4,3,1,0,2,3,4,0,-3,-4,-2,1
8242,49404,61682,65280,2,-1,1,0,-4,3,-1,0,2,3,4,0,-3,-4,-2,1
8242,49404,61692,65280,2,-1,0,0,-4,3,1,0,2,3,4,0,-3,-4,-2,1
8242,49404,61694,65280,2,-1,1,0,-4,3,1,0,2,3,4,0,-3,-4,-2,1
8242,49404,61680,65280,2,-1,0,0,-4,3,0,0,2,3,4,0,-3,-4,-2,1
8242,49404,61690,65280,2,-1,1,0,-4,3,0,0,2,3,4,0,-3,-4,-2,1
8370,49404,61692,65280,2,-1,0,0,-3,3,1,0,2,3,4,0,-3,-4,-2,1
8370,49404,61682,65280,2,-1,1,0,-3,3,-1,0,2,3,4,0,-3,-4,-2,1
8370,49404,61694,65280,2,-1,1,0,-3,3,1,0,2,3,4,0,-3,-4,-2,1
8370,49404,61680,65280,2,-1,0,0,-3,3,0,0,2,3,4,0,-3,-4,-2,1
8370,49404,61690,65280,2,-1,1,0,-3,3,0,0,2,3,4,0,-3,-4,-2,1
8882,49404,61694,65280,4,-1,1,0,-4,3,1,0,1,3,4,0,-3,-4,-2,1
8882,49404,61682,65280,4,-1,1,0,-4,3,-1,0,1,3,4,0,-3,-4,-2,1
8882,49404,61692,65280,4,-1,0,0,-4,3,1,0,1,3,4,0,-3,-4,-2,1
8882,49404,61680,65280,4,-1,0,0,-4,3,-1,0,1,3,4,0,-3,-4,-2,1
36590,49404,61682,65280,4,-1,1,0,3,3,-1,0,-2,3,4,0,-2,-4,-2,1
36558,49404,61682,65280,2,-1,1,0,3,3,-1,0,-2,3,4,0,-1,-4,-2,1
36494,49404,61682,65280,3,-1,1,0,3,3,-1,0,-3,3,4,0,-1,-4,-2,1
36526,49404,61682,65280,4,-1,1,0,3,3,-1,0,-3,3,4,0,-1,-4,-2,1
35502,49404,61682,65280,4,-1,1,0,3,3,-1,0,-3,3,4,0,-3,-4,-2,1
35566,49404,61682,65280,4,-1,1,0,3,3,-1,0,-2,3,4,0,-3,-4,-2,1
33022,49404,61682,65280,2,-1,1,0,2,3,-1,0,1,3,4,0,-4,-4,-2,1
36046,49404,61682,65280,2,-1,1,0,3,3,-1,0,-2,3,4,0,-2,-4,-2,1
35502,49404,61694,65280,4,-1,1,0,3,3,1,0,-3,3,4,0,-3,-4,-2,1
35566,49404,61694,65280,4,-1,1,0,3,3,1,0,-2,3,4,0,-3,-4,-2,1
36590,49404,61694,65280,4,-1,1,0,3,3,1,0,-2,3,4,0,-2,-4,-2,1
36558,49404,61694,65280,2,-1,1,0,3,3,1,0,-2,3,4,0,-1,-4,-2,1
36494,49404,61694,65280,3,-1,1,0,3,3,1,0,-3,3,4,0,-1,-4,-2,1
36526,49404,61694,65280,4,-1,1,0,3,3,1,0,-3,3,4,0,-1,-4,-2,1
33022,49404,61694,65280,1,-1,1,0,3,3,1,0,1,3,4,0,-4,-4,-2,1
36526,49404,61692,65280,4,-1,0,0,3,3,1,0,-3,3,4,0,-1,-4,-2,1
36494,49404,61692,65280,4,-1,0,0,3,3,1,0,-4,3,4,0,-1,-4,-2,1
36558,49404,61692,65280,3,-1,0,0,4,3,1,0,-3,3,4,0,-1,-4,-2,1
36590,49404,61692,65280,4,-1,0,0,4,3,1,0,-3,3,4,0,-1,-4,-2,1
33022,49404,61692,65280,1,-1,0,0,3,3,1,0,1,3,4,0,-4,-4,-2,1
35502,49404,61692,65280,4,-1,0,0,1,3,1,0,-3,3,4,0,-1,-4,-2,1
35566,49404,61692,65280,4,-1,0,0,2,3,1,0,-1,3,4,0,-3,-4,-2,1
36590,49404,61680,65280,2,-1,0,0,2,3,-1,0,-1,3,4,0,-1,-4,-2,1
36558,49404,61680,65280,2,-1,0,0,3,3,-1,0,-2,3,4,0,-1,-4,-2,1
36494,49404,61680,65280,3,-1,0,0,3,3,-1,0,-3,3,4,0,-1,-4,-2,1
36526,49404,61680,65280,4,-1,0,0,3,3,-1,0,-3,3,4,0,-1,-4,-2,1
36046,49404,61680,65280,1,-1,0,0,4,3,-1,0,-3,3,4,0,-1,-4,-2,1
36078,49404,61680,65280,3,-1,0,0,4,3,-1,0,-2,3,4,0,-3,-4,-2,1
33022,49404,61680,65280,1,-1,0,0,3,3,-1,0,1,3,4,0,-4,-4,-2,1
35502,49404,61680,65280,4,-1,0,0,3,3,-1,0,-3,3,4,0,-3,-4,-2,1
35566,49404,61680,65280,4,-1,0,0,3,3,-1,0,-2,3,4,0,-3,-4,-2,1
8890,49404,61682,65280,4,-1,1,0,-2,3,-1,0,1,3,4,0,-3,-4,-2,1
8890,49404,61694,65280,4,-1,1,0,-2,3,1,0,1,3,4,0,-3,-4,-2,1
8890,49404,61692,65280,4,-1,0,0,-2,3,1,0,1,3,4,0,-3,-4,-2,1
8890,49404,61680,65280,4,-1,0,0,-2,3,-1,0,1,3,4,0,-3,-4,-2,1
8882,49404,61690,65280,4,-1,1,0,-4,3,0,0,3,3,4,0,-3,-4,-2,1
36558,49404,61690,65280,3,-1,1,0,4,3,0,0,-3,3,4,0,-2,-4,-2,1
36494,49404,61690,65280,3,-1,1,0,4,3,0,0,-4,3,4,0,-2,-4,-2,1
36526,49404,61690,65280,4,-1,1,0,3,3,0,0,-3,3,4,0,-2,-4,-2,1
35502,49404,61690,65280,4,-1,1,0,3,3,0,0,-3,3,4,0,-3,-4,-2,1
33022,49404,61690,65280,1,-1,1,0,3,3,0,0,1,3,4,0,-4,-4,-2,1
35566,49404,61690,65280,4,-1,1,0,3,3,0,0,-2,3,4,0,-3,-4,-2,1
36590,49404,61690,65280,4,-1,1,0,4,3,0,0,-3,3,4,0,-3,-4,-2,1
8890,49404,61690,65280,4,-1,1,0,-2,3,0,0,1,3,4,0,-3,-4,-2,1
8442,49404,61682,65280,3,-1,1,0,-1,3,-1,0,2,3,4,0,-4,-4,-2,1
8442,49404,61694,65280,3,-1,1,0,-1,3,1,0,2,3,4,0,-4,-4,-2,1
8442,49404,61692,65280,3,-1,0,0,-1,3,1,0,2,3,4,0,-4,-4,-2,1
8442,49404,61680,65280,3,-1,0,0,-1,3,0,0,2,3,4,0,-4,-4,-2,1
8442,49404,61690,65280,3,-1,1,0,-1,3,0,0,2,3,4,0,-4,-4,-2,1
8746,49404,61682,65280,4,-1,1,0,-3,3,-1,0,-1,3,4,0,-2,-4,-2,1
8746,49404,61694,65280,4,-1,1,0,-3,3,1,0,-1,3,4,0,-2,-4,-2,1
8746,49404,61692,65280,4,-1,0,0,-3,3,1,0,-1,3,4,0,-2,-4,-2,1
8746,49404,61680,65280,4,-1,0,0,-3,3,0,0,-1,3,4,0,-2,-4,-2,1
8746,49404,61690,65280,4,-1,1,0,-3,3,0,0,-1,3,4,0,-2,-4,-2,1
8738,49404,61682,65280,4,-1,1,0,-4,3,-1,0,-1,3,4,0,-2,-4,-2,1
8738,49404,61694,65280,4,-1,1,0,-4,3,1,0,-1,3,4,0,-2,-4,-2,1
8738,49404,61692,65280,4,-1,0,0,-4,3,1,0,-1,3,4,0,-2,-4,-2,1
8738,49404,61680,65280,4,-1,0,0,-4,3,-1,0,-1,3,4,0,-2,-4,-2,1
8738,49404,61690,65280,4,-1,1,0,-4,3,0,0,-1,3,4,0,-2,-4,-2,1
8434,49404,61682,65280,3,-1,1,0,-3,3,-1,0,4,3,4,0,-4,-4,-2,1
8434,49404,61694,65280,3,-1,1,0,-3,3,1,0,4,3,4,0,-4,-4,-2,1
8434,49404,61692,65280,3,-1,0,0,-3,3,1,0,4,3,4,0,-4,-4,-2,1
8434,49404,61680,65280,3,-1,0,0,-3,3,0,0,4,3,4,0,-4,-4,-2,1
8434,49404,61690,65280,3,-1,1,0,-3,3,0,0,4,3,4,0,-4,-4,-2,1
36526,49404,61684,65280,4,-1,-1,0,3,3,1,0,-3,3,4,0,-2,-4,-2,1
36046,49404,61684,65280,2,-1,-1,0,4,3,1,0,-3,3,4,0,-2,-4,-2,1
36078,49404,61684,65280,3,-1,-1,0,4,3,1,0,-2,3,4,0,-3,-4,-2,1
36494,49404,61684,65280,4,-1,-1,0,4,3,1,0,-4,3,4,0,-3,-4,-2,1
36558,49404,61684,65280,3,-1,-1,0,4,3,1,0,-3,3,4,0,-2,-4,-2,1
36590,49404,61684,65280,4,-1,-1,0,4,3,1,0,-3,3,4,0,-2,-4,-2,1
35566,49404,61684,65280,4,-1,-1,0,3,3,1,0,-2,3,4,0,-3,-4,-2,1
33022,49404,61684,65280,1,-1,-1,0,2,3,1,0,1,3,4,0,-3,-4,-2,1
35502,49404,61684,65280,4,-1,-1,0,2,3,1,0,-2,3,4,0,-3,-4,-2,1
8442,49404,61684,65280,2,-1,-1,0,-1,3,1,0,2,3,4,0,-3,-4,-2,1
8746,49404,61684,65280,4,-1,-1,0,-3,3,1,0,-1,3,4,0,-2,-4,-2,1
8738,49404,61684,65280,4,-1,-1,0,-4,3,1,0,0,3,4,0,-3,-4,-2,1
8754,49404,61682,65280,3,-1,1,0,-4,3,-1,0,1,3,4,0,-2,-4,-2,1
8754,49404,61694,65280,3,-1,1,0,-4,3,1,0,1,3,4,0,-2,-4,-2,1
8754,49404,61692,65280,3,-1,0,0,-4,3,1,0,1,3,4,0,-2,-4,-2,1
8754,49404,61680,65280,3,-1,0,0,-4,3,0,0,1,3,4,0,-2,-4,-2,1
8754,49404,61690,65280,3,-1,1,0,-4,3,0,0,1,3,4,0,-2,-4,-2,1
8754,49404,61684,65280,3,-1,-1,0,-4,3,1,0,1,3,4,0,-2,-4,-2,1
8874,49404,61682,65280,4,-1,1,0,-1,3,-1,0,0,3,4,0,-3,-4,-2,1
8874,49404,61694,65280,4,-1,1,0,-1,3,1,0,0,3,4,0,-3,-4,-2,1
8874,49404,61692,65280,4,-1,0,0,-1,3,2,0,0,3,4,0,-3,-4,-2,1
8874,49404,61680,65280,4,-1,0,0,-1,3,0,0,0,3,4,0,-3,-4,-2,1
8874,49404,61690,65280,4,-1,1,0,-1,3,0,0,0,3,4,0,-3,-4,-2,1
8874,49404,61684,65280,4,-1,-1,0,-1,3,1,0,0,3,4,0,-3,-4,-2,1
8378,49404,61694,65280,3,-1,1,0,-1,3,1,0,1,3,4,0,-3,-4,-2,1
8378,49404,61682,65280,3,-1,1,0,-1,3,-1,0,1,3,4,0,-3,-4,-2,1
8378,49404,61692,65280,3,-1,0,0,-1,3,1,0,1,3,4,0,-3,-4,-2,1
8378,49404,61680,65280,3,-1,0,0,-1,3,0,0,1,3,4,0,-3,-4,-2,1
8378,49404,61690,65280,3,-1,1,0,-1,3,0,0,1,3,4,0,-3,-4,-2,1
8378,49404,61684,65280,3,-1,-1,0,-1,3,1,0,1,3,4,0,-3,-4,-2,1
10794,49404,61694,65280,4,-1,1,0,-2,3,1,0,-2,3,4,0,-1,-4,-2,1
10794,49404,61682,65280,4,-1,1,0,-2,3,-1,0,-2,3,4,0,-1,-4,-2,1
10794,49404,61692,65280,4,-1,0,0,-2,3,2,0,-2,3,4,0,-1,-4,-2,1
10794,49404,61680,65280,4,-1,0,0,-2,3,0,0,-2,3,4,0,-1,-4,-2,1
10794,49404,61690,65280,4,-1,1,0,-2,3,0,0,-2,3,4,0,-1,-4,-2,1
10794,49404,61684,65280,4,-1,-1,0,-2,3,1,0,-2,3,4,0,-1,-4,-2,1
10922,49404,61694,65280,4,-1,1,0,-1,3,1,0,-1,3,4,0,-2,-4,-2,1
10922,49404,61682,65280,4,-1,1,0,-1,3,-1,0,-1,3,4,0,-2,-4,-2,1
10922,49404,61692,65280,4,-1,0,0,-1,3,1,0,-1,3,4,0,-2,-4,-2,1
10922,49404,61680,65280,4,-1,0,0,-1,3,0,0,-1,3,4,0,-2,-4,-2,1
10922,49404,61690,65280,4,-1,1,0,-1,3,0,0,-1,3,4,0,-2,-4,-2,1
10922,49404,61684,65280,4,-1,-1,0,-1,3,1,0,-1,3,4,0,-2,-4,-2,1
36078,52430,61694,65280,2,1,1,0,3,3,1,0,-1,-1,4,0,-2,-1,-2,1
36078,52430,61682,65280,2,1,1,0,3,3,-1,0,-1,-1,4,0,-2,-1,-2,1
36046,52430,61682,65280,2,1,1,0,3,3,-1,0,-2,-1,4,0,-2,-1,-2,1
36046,52430,61694,65280,2,1,1,0,3,3,1,0,-2,-1,4,0,-2,-1,-2,1
36046,52430,61692,65280,2,1,0,0,3,3,2,0,-2,-1,4,0,-2,-1,-2,1
36078,52430,61692,65280,2,1,0,0,3,3,2,0,-1,-1,4,0,-2,-1,-2,1
36590,52430,61692,65280,3,1,0,0,3,3,2,0,-1,-1,4,0,-2,-1,-2,1
36558,52430,61692,65280,3,1,0,0,4,3,2,0,-3,-1,4,0,-2,-1,-2,1
36558,52430,61694,65280,3,1,1,0,4,3,1,0,-3,-1,4,0,-2,-1,-2,1
36590,52430,61694,65280,4,1,1,0,4,3,1,0,-3,-1,4,0,-2,-1,-2,1
36526,52430,61694,65280,4,1,1,0,3,3,1,0,-3,-1,4,0,-2,-1,-2,1
36494,52430,61694,65280,4,1,1,0,3,3,1,0,-4,-1,4,0,-2,-1,-2,1
35502,52430,61694,65280,4,1,1,0,3,3,1,0,-3,-1,4,0,-3,-1,-2,1
8882,52430,61694,65280,4,1,1,0,-4,3,1,0,3,-1,4,0,-3,-1,-2,1
8890,52430,61694,65280,4,1,1,0,-3,3,1,0,2,-1,4,0,-3,-1,-2,1
8746,52430,61694,65280,4,1,1,0,-3,3,1,0,-1,-1,4,0,-2,-1,-2,1
8738,52430,61694,65280,4,1,1,0,-4,3,1,0,-1,-1,4,0,-2,-1,-2,1
35566,52430,61694,65280,3,1,1,0,2,3,1,0,-1,-1,4,0,-2,-1,-2,1
33022,52430,61694,65280,1,1,1,0,2,3,1,0,1,-1,4,0,-3,-1,-2,1
8442,52430,61694,65280,2,1,1,0,-1,3,1,0,2,-1,4,0,-3,-1,-2,1
8434,52430,61694,65280,2,1,1,0,-2,3,1,0,3,-1,4,0,-3,-1,-2,1
8370,52430,61694,65280,2,1,1,0,-3,3,1,0,3,-1,4,0,-3,-1,-2,1
36590,52430,61682,65280,2,1,1,0,2,3,-1,0,-1,-1,4,0,-1,-1,-2,1
35566,52430,61682,65280,3,1,1,0,2,3,-1,0,-1,-1,4,0,-2,-1,-2,1
36558,52430,61682,65280,3,1,1,0,4,3,-1,0,-3,-1,4,0,-2,-1,-2,1
36526,52430,61682,65280,4,1,1,0,3,3,-1,0,-3,-1,4,0,-2,-1,-2,1
36494,52430,61682,65280,4,1,1,0,4,3,-1,0,-4,-1,4,0,-2,-1,-2,1
35502,52430,61682,65280,4,1,1,0,3,3,-1,0,-3,-1,4,0,-3,-1,-2,1
33022,52430,61682,65280,1,1,1,0,3,3,-1,0,1,-1,4,0,-4,-1,-2,1
8442,52430,61682,65280,2,1,1,0,-1,3,-1,0,3,-1,4,0,-4,-1,-2,1
8434,52430,61682,65280,2,1,1,0,-2,3,-1,0,4,-1,4,0,-4,-1,-2,1
8370,52430,61682,65280,2,1,1,0,-3,3,-1,0,3,-1,4,0,-4,-1,-2,1
8882,52430,61682,65280,3,1,1,0,-3,3,-1,0,2,-1,4,0,-2,-1,-2,1
8890,52430,61682,65280,3,1,1,0,-2,3,-1,0,1,-1,4,0,-2,-1,-2,1
8746,52430,61682,65280,3,1,1,0,-2,3,-1,0,-1,-1,4,0,-1,-1,-2,1
8738,52430,61682,65280,3,1,1,0,-3,3,-1,0,-1,-1,4,0,-1,-1,-2,1
8738,52430,61692,65280,3,1,0,0,-3,3,2,0,-1,-1,4,0,-1,-1,-2,1
8746,52430,61692,65280,3,1,0,0,-2,3,2,0,-1,-1,4,0,-1,-1,-2,1
8370,52430,61692,65280,2,1,0,0,-2,3,2,0,1,-1,4,0,-2,-1,-2,1
8434,52430,61692,65280,1,1,0,0,-1,3,2,0,2,-1,4,0,-2,-1,-2,1
33022,52430,61692,65280,1,1,0,0,1,3,2,0,1,-1,4,0,-2,-1,-2,1
36526,52430,61692,65280,3,1,0,0,2,3,2,0,-2,-1,4,0,-1,-1,-2,1
36494,52430,61692,65280,3,1,0,0,3,3,2,0,-3,-1,4,0,-1,-1,-2,1
35502,52430,61692,65280,3,1,0,0,2,3,2,0,-2,-1,4,0,-2,-1,-2,1
8882,52430,61692,65280,4,1,0,0,-4,3,2,0,3,-1,4,0,-3,-1,-2,1
8890,52430,61692,65280,4,1,0,0,-3,3,2,0,2,-1,4,0,-3,-1,-2,1
8442,52430,61692,65280,3,1,0,0,-2,3,2,0,3,-1,4,0,-4,-1,-2,1
35566,52430,61692,65280,4,1,0,0,2,3,2,0,-1,-1,4,0,-3,-1,-2,1
8882,52430,61680,65280,4,1,0,0,-4,3,0,0,3,-1,4,0,-3,-1,-2,1
8890,52430,61680,65280,4,1,0,0,-3,3,0,0,2,-1,4,0,-3,-1,-2,1
35502,52430,61680,65280,3,1,0,0,1,3,0,0,-1,-1,4,0,-2,-1,-2,1
36526,52430,61680,65280,3,1,0,0,2,3,0,0,-2,-1,4,0,-1,-1,-2,1
36494,52430,61680,65280,3,1,0,0,3,3,0,0,-3,-1,4,0,-1,-1,-2,1
36590,52430,61680,65280,3,1,0,0,3,3,0,0,-2,-1,4,0,-1,-1,-2,1
36558,52430,61680,65280,2,1,0,0,3,3,0,0,-2,-1,4,0,-1,-1,-2,1
33022,52430,61680,65280,1,1,0,0,3,3,0,0,1,-1,4,0,-4,-1,-2,1
8434,52430,61680,65280,1,1,0,0,-1,3,0,0,4,-1,4,0,-4,-1,-2,1
8370,52430,61680,65280,4,1,0,0,-4,3,0,0,4,-1,4,0,-4,-1,-2,1
8746,52430,61680,65280,4,1,0,0,-3,3,0,0,-1,-1,4,0,-2,-1,-2,1
8738,52430,61680,65280,4,1,0,0,-4,3,0,0,0,-1,4,0,-3,-1,-2,1
8442,52430,61680,65280,3,1,0,0,-2,3,0,0,3,-1,4,0,-4,-1,-2,1
35566,52430,61680,65280,3,1,0,0,2,3,0,0,-1,-1,4,0,-2,-1,-2,1
36046,52430,61680,65280,2,1,0,0,3,3,0,0,-2,-1,4,0,-2,-1,-2,1
36078,52430,61680,65280,2,1,0,0,3,3,0,0,-1,-1,4,0,-2,-1,-2,1
36558,52430,61690,65280,2,1,1,0,3,3,0,0,-2,-1,4,0,-1,-1,-2,1
36590,52430,61690,65280,3,1,1,0,3,3,0,0,-2,-1,4,0,-1,-1,-2,1
36526,52430,61690,65280,4,1,1,0,3,3,0,0,-3,-1,4,0,-1,-1,-2,1
36494,52430,61690,65280,4,1,1,0,4,3,0,0,-4,-1,4,0,-1,-1,-2,1
8882,52430,61690,65280,4,1,1,0,-4,3,0,0,1,-1,4,0,-1,-1,-2,1
8370,52430,61690,65280,4,1,1,0,-4,3,0,0,1,-1,4,0,-4,-1,-2,1
8434,52430,61690,65280,2,1,1,0,-2,3,0,0,3,-1,4,0,-4,-1,-2,1
33022,52430,61690,65280,1,1,1,0,1,3,0,0,1,-1,4,0,-2,-1,-2,1
8890,52430,61690,65280,4,1,1,0,-2,3,0,0,1,-1,4,0,-3,-1,-2,1
35502,52430,61690,65280,2,1,1,0,1,3,0,0,-1,-1,4,0,-1,-1,-2,1
8746,52430,61690,65280,3,1,1,0,-2,3,0,0,-1,-1,4,0,-1,-1,-2,1
8738,52430,61690,65280,2,1,1,0,-2,3,0,0,0,-1,4,0,-1,-1,-2,1
